File ID	File Name	Data Category	Data Type	Project ID	Case ID	Sample ID	Sample Type
d291abf5-08db-4108-94d0-17a5b7250fe3	jhu-usc.edu_CESC.HumanMethylation450.19.lvl-3.TCGA-ZJ-AAXU-01A-11D-A42P-05.gdc_hg38.txt	DNA Methylation	Methylation Beta Value	TCGA-CESC	TCGA-ZJ-AAXU	TCGA-ZJ-AAXU-01A	Primary Tumor
0e80486b-36c4-401b-a11c-d204c67e722e	jhu-usc.edu_CESC.HumanMethylation450.18.lvl-3.TCGA-VS-A953-01A-11D-A388-05.gdc_hg38.txt	DNA Methylation	Methylation Beta Value	TCGA-CESC	TCGA-VS-A953	TCGA-VS-A953-01A	Primary Tumor
ca4bda75-a68f-40a7-88cf-523ece5dcfa5	jhu-usc.edu_CESC.HumanMethylation450.19.lvl-3.TCGA-VS-A950-01A-11D-A42P-05.gdc_hg38.txt	DNA Methylation	Methylation Beta Value	TCGA-CESC	TCGA-VS-A950	TCGA-VS-A950-01A	Primary Tumor
e03fd09d-5255-454d-956c-344f13eacb00	jhu-usc.edu_CESC.HumanMethylation450.5.lvl-3.TCGA-FU-A2QG-01A-11D-A18K-05.gdc_hg38.txt	DNA Methylation	Methylation Beta Value	TCGA-CESC	TCGA-FU-A2QG	TCGA-FU-A2QG-01A	Primary Tumor
5410f554-e6ca-4f1d-839b-704678004568	jhu-usc.edu_CESC.HumanMethylation450.14.lvl-3.TCGA-Q1-A73R-01A-11D-A340-05.gdc_hg38.txt	DNA Methylation	Methylation Beta Value	TCGA-CESC	TCGA-Q1-A73R	TCGA-Q1-A73R-01A	Primary Tumor
2188012e-d6f9-437b-8f88-13d5ba9e69a2	jhu-usc.edu_CESC.HumanMethylation450.2.lvl-3.TCGA-DS-A1OA-01A-11D-A14Z-05.gdc_hg38.txt	DNA Methylation	Methylation Beta Value	TCGA-CESC	TCGA-DS-A1OA	TCGA-DS-A1OA-01A	Primary Tumor
7d66bc0c-4701-49d2-9c56-5b1b4d7b76b4	jhu-usc.edu_CESC.HumanMethylation450.5.lvl-3.TCGA-EK-A2R8-01A-21D-A18K-05.gdc_hg38.txt	DNA Methylation	Methylation Beta Value	TCGA-CESC	TCGA-EK-A2R8	TCGA-EK-A2R8-01A	Primary Tumor
7dce0ca1-2b6b-4bcb-97b3-f08a82f64318	jhu-usc.edu_CESC.HumanMethylation450.16.lvl-3.TCGA-VS-A8EB-01A-11D-A36K-05.gdc_hg38.txt	DNA Methylation	Methylation Beta Value	TCGA-CESC	TCGA-VS-A8EB	TCGA-VS-A8EB-01A	Primary Tumor
a793caa0-8133-4235-8939-dd5fc63f6383	jhu-usc.edu_CESC.HumanMethylation450.5.lvl-3.TCGA-EK-A2R9-01A-11D-A18K-05.gdc_hg38.txt	DNA Methylation	Methylation Beta Value	TCGA-CESC	TCGA-EK-A2R9	TCGA-EK-A2R9-01A	Primary Tumor
1100c9cc-00ea-483e-b6dd-51851b246ac8	jhu-usc.edu_CESC.HumanMethylation450.6.lvl-3.TCGA-EK-A3GK-01A-11D-A212-05.gdc_hg38.txt	DNA Methylation	Methylation Beta Value	TCGA-CESC	TCGA-EK-A3GK	TCGA-EK-A3GK-01A	Primary Tumor
f6ee9003-90f2-44b3-82ec-97685a0bf60c	jhu-usc.edu_CESC.HumanMethylation450.1.lvl-3.TCGA-C5-A1M7-01A-11D-A13Z-05.gdc_hg38.txt	DNA Methylation	Methylation Beta Value	TCGA-CESC	TCGA-C5-A1M7	TCGA-C5-A1M7-01A	Primary Tumor
b69c9125-8106-403f-a8fe-e4b74139d36b	jhu-usc.edu_CESC.HumanMethylation450.13.lvl-3.TCGA-Q1-A73O-01A-11D-A32T-05.gdc_hg38.txt	DNA Methylation	Methylation Beta Value	TCGA-CESC	TCGA-Q1-A73O	TCGA-Q1-A73O-01A	Primary Tumor
9d9c0abe-0fa4-45e0-85ec-150f6de8add7	jhu-usc.edu_CESC.HumanMethylation450.19.lvl-3.TCGA-UC-A7PG-01A-11D-A42P-05.gdc_hg38.txt	DNA Methylation	Methylation Beta Value	TCGA-CESC	TCGA-UC-A7PG	TCGA-UC-A7PG-01A	Primary Tumor
0cdfe247-d233-4608-9d28-4b3d98296c37	jhu-usc.edu_CESC.HumanMethylation450.12.lvl-3.TCGA-EA-A5ZF-01A-11D-A28C-05.gdc_hg38.txt	DNA Methylation	Methylation Beta Value	TCGA-CESC	TCGA-EA-A5ZF	TCGA-EA-A5ZF-01A	Primary Tumor
736201d0-e056-4e30-a510-f88ba3a885bb	jhu-usc.edu_CESC.HumanMethylation450.6.lvl-3.TCGA-EA-A3HS-01A-11D-A212-05.gdc_hg38.txt	DNA Methylation	Methylation Beta Value	TCGA-CESC	TCGA-EA-A3HS	TCGA-EA-A3HS-01A	Primary Tumor
c3113213-7a8c-40bd-b67d-d09e4e153a84	jhu-usc.edu_CESC.HumanMethylation450.19.lvl-3.TCGA-VS-A9UI-01A-11D-A42P-05.gdc_hg38.txt	DNA Methylation	Methylation Beta Value	TCGA-CESC	TCGA-VS-A9UI	TCGA-VS-A9UI-01A	Primary Tumor
caf3bfb0-f6b9-416d-baf5-4db06ab90560	jhu-usc.edu_CESC.HumanMethylation450.7.lvl-3.TCGA-IR-A3LA-01A-11D-A230-05.gdc_hg38.txt	DNA Methylation	Methylation Beta Value	TCGA-CESC	TCGA-IR-A3LA	TCGA-IR-A3LA-01A	Primary Tumor
e7ee3eb1-fde6-40c5-ac3a-8b114bd368ad	jhu-usc.edu_CESC.HumanMethylation450.13.lvl-3.TCGA-C5-A7CG-01A-11D-A32T-05.gdc_hg38.txt	DNA Methylation	Methylation Beta Value	TCGA-CESC	TCGA-C5-A7CG	TCGA-C5-A7CG-01A	Primary Tumor
79c8bb79-eac3-4f1e-8777-f0a983ed2c6f	jhu-usc.edu_CESC.HumanMethylation450.6.lvl-3.TCGA-FU-A3HZ-01A-11D-A212-05.gdc_hg38.txt	DNA Methylation	Methylation Beta Value	TCGA-CESC	TCGA-FU-A3HZ	TCGA-FU-A3HZ-01A	Primary Tumor
7d6fd052-d777-47d4-95ed-b9fb2d048637	jhu-usc.edu_CESC.HumanMethylation450.19.lvl-3.TCGA-HG-A9SC-01A-21D-A42P-05.gdc_hg38.txt	DNA Methylation	Methylation Beta Value	TCGA-CESC	TCGA-HG-A9SC	TCGA-HG-A9SC-01A	Primary Tumor
2454f95c-68a6-4be7-903f-fb1155700d30	jhu-usc.edu_CESC.HumanMethylation450.5.lvl-3.TCGA-EK-A2PL-01A-11D-A18K-05.gdc_hg38.txt	DNA Methylation	Methylation Beta Value	TCGA-CESC	TCGA-EK-A2PL	TCGA-EK-A2PL-01A	Primary Tumor
50e18247-9137-41c9-9c0a-ba1aa72a4f3b	jhu-usc.edu_CESC.HumanMethylation450.8.lvl-3.TCGA-EA-A3QE-01A-21D-A21R-05.gdc_hg38.txt	DNA Methylation	Methylation Beta Value	TCGA-CESC	TCGA-EA-A3QE	TCGA-EA-A3QE-01A	Primary Tumor
83a9d642-00b5-49e5-95ba-7efb110cad2c	jhu-usc.edu_CESC.HumanMethylation450.13.lvl-3.TCGA-MU-A5YI-01A-11D-A32T-05.gdc_hg38.txt	DNA Methylation	Methylation Beta Value	TCGA-CESC	TCGA-MU-A5YI	TCGA-MU-A5YI-01A	Primary Tumor
1f90f065-f55c-4d24-9175-8580329c1c4b	jhu-usc.edu_CESC.HumanMethylation450.6.lvl-3.TCGA-EA-A3HU-01A-11D-A212-05.gdc_hg38.txt	DNA Methylation	Methylation Beta Value	TCGA-CESC	TCGA-EA-A3HU	TCGA-EA-A3HU-01A	Primary Tumor
a15dc7b6-dc16-4aed-87f2-0c4093482937	jhu-usc.edu_CESC.HumanMethylation450.14.lvl-3.TCGA-C5-A7UE-01A-11D-A340-05.gdc_hg38.txt	DNA Methylation	Methylation Beta Value	TCGA-CESC	TCGA-C5-A7UE	TCGA-C5-A7UE-01A	Primary Tumor
bbe74e2b-36dc-4bf4-a671-324ee7b60f7b	jhu-usc.edu_CESC.HumanMethylation450.12.lvl-3.TCGA-JW-A5VI-01A-11D-A28C-05.gdc_hg38.txt	DNA Methylation	Methylation Beta Value	TCGA-CESC	TCGA-JW-A5VI	TCGA-JW-A5VI-01A	Primary Tumor
6ab518b3-0bb6-4154-ad40-f97a060bc74a	jhu-usc.edu_CESC.HumanMethylation450.12.lvl-3.TCGA-JW-A5VK-01A-11D-A28C-05.gdc_hg38.txt	DNA Methylation	Methylation Beta Value	TCGA-CESC	TCGA-JW-A5VK	TCGA-JW-A5VK-01A	Primary Tumor
b1e4d871-d8db-46eb-8e09-20296915b2bf	jhu-usc.edu_CESC.HumanMethylation450.6.lvl-3.TCGA-EK-A2RD-01A-12D-A212-05.gdc_hg38.txt	DNA Methylation	Methylation Beta Value	TCGA-CESC	TCGA-EK-A2RD	TCGA-EK-A2RD-01A	Primary Tumor
6b5ee8a5-ae4f-462d-8854-887766a8b4a7	jhu-usc.edu_CESC.HumanMethylation450.6.lvl-3.TCGA-IR-A3LI-01A-11D-A212-05.gdc_hg38.txt	DNA Methylation	Methylation Beta Value	TCGA-CESC	TCGA-IR-A3LI	TCGA-IR-A3LI-01A	Primary Tumor
caa56c71-7238-4f2a-86e5-7b7cd4cbb046	jhu-usc.edu_CESC.HumanMethylation450.17.lvl-3.TCGA-ZJ-A8QR-01A-11D-A37Q-05.gdc_hg38.txt	DNA Methylation	Methylation Beta Value	TCGA-CESC	TCGA-ZJ-A8QR	TCGA-ZJ-A8QR-01A	Primary Tumor
76f71a8d-65ac-4043-87b8-5eb05f198b71	jhu-usc.edu_CESC.HumanMethylation450.8.lvl-3.TCGA-EA-A3HT-01A-61D-A21R-05.gdc_hg38.txt	DNA Methylation	Methylation Beta Value	TCGA-CESC	TCGA-EA-A3HT	TCGA-EA-A3HT-01A	Primary Tumor
9ac28ffb-f244-4728-bc4a-b1bc2212148d	jhu-usc.edu_CESC.HumanMethylation450.13.lvl-3.TCGA-EA-A78R-01A-11D-A32T-05.gdc_hg38.txt	DNA Methylation	Methylation Beta Value	TCGA-CESC	TCGA-EA-A78R	TCGA-EA-A78R-01A	Primary Tumor
552270a3-b06d-4345-beb8-6b608b714570	jhu-usc.edu_CESC.HumanMethylation450.19.lvl-3.TCGA-ZJ-AAXF-01A-31D-A42P-05.gdc_hg38.txt	DNA Methylation	Methylation Beta Value	TCGA-CESC	TCGA-ZJ-AAXF	TCGA-ZJ-AAXF-01A	Primary Tumor
2f325e68-d9cc-4ff5-a653-10feaf1d5bd3	jhu-usc.edu_CESC.HumanMethylation450.19.lvl-3.TCGA-VS-A9UR-01A-11D-A42P-05.gdc_hg38.txt	DNA Methylation	Methylation Beta Value	TCGA-CESC	TCGA-VS-A9UR	TCGA-VS-A9UR-01A	Primary Tumor
f2b6a888-46b0-478d-b243-c6a240c8d12a	jhu-usc.edu_CESC.HumanMethylation450.19.lvl-3.TCGA-VS-A957-01A-11D-A42P-05.gdc_hg38.txt	DNA Methylation	Methylation Beta Value	TCGA-CESC	TCGA-VS-A957	TCGA-VS-A957-01A	Primary Tumor
7e38f30a-bc5b-4bab-b083-54ce4598163a	jhu-usc.edu_CESC.HumanMethylation450.11.lvl-3.TCGA-EA-A556-01A-11D-A26S-05.gdc_hg38.txt	DNA Methylation	Methylation Beta Value	TCGA-CESC	TCGA-EA-A556	TCGA-EA-A556-01A	Primary Tumor
723878a6-944f-4715-a11a-5c38dc8bd90e	jhu-usc.edu_CESC.HumanMethylation450.17.lvl-3.TCGA-VS-A8EL-01A-11D-A37Q-05.gdc_hg38.txt	DNA Methylation	Methylation Beta Value	TCGA-CESC	TCGA-VS-A8EL	TCGA-VS-A8EL-01A	Primary Tumor
5ca74b52-e975-4aa9-9f98-8363bdc31369	jhu-usc.edu_CESC.HumanMethylation450.9.lvl-3.TCGA-DR-A0ZL-01A-11D-A10W-05.gdc_hg38.txt	DNA Methylation	Methylation Beta Value	TCGA-CESC	TCGA-DR-A0ZL	TCGA-DR-A0ZL-01A	Primary Tumor
9343cfab-681b-4c9f-9f4d-47a2a32cf031	jhu-usc.edu_CESC.HumanMethylation450.9.lvl-3.TCGA-DS-A0VL-01A-21D-A10W-05.gdc_hg38.txt	DNA Methylation	Methylation Beta Value	TCGA-CESC	TCGA-DS-A0VL	TCGA-DS-A0VL-01A	Primary Tumor
afc90bd4-23fc-4cff-ab19-68befad83e6a	jhu-usc.edu_CESC.HumanMethylation450.10.lvl-3.TCGA-LP-A4AV-01A-11D-A244-05.gdc_hg38.txt	DNA Methylation	Methylation Beta Value	TCGA-CESC	TCGA-LP-A4AV	TCGA-LP-A4AV-01A	Primary Tumor
4bf2eb45-72ef-4c9d-97bd-dafe7a3f6e12	jhu-usc.edu_CESC.HumanMethylation450.19.lvl-3.TCGA-VS-A9UA-01A-11D-A42P-05.gdc_hg38.txt	DNA Methylation	Methylation Beta Value	TCGA-CESC	TCGA-VS-A9UA	TCGA-VS-A9UA-01A	Primary Tumor
6515be01-2939-4736-be2e-8c2891e7334d	jhu-usc.edu_CESC.HumanMethylation450.19.lvl-3.TCGA-VS-A9UJ-01A-11D-A42P-05.gdc_hg38.txt	DNA Methylation	Methylation Beta Value	TCGA-CESC	TCGA-VS-A9UJ	TCGA-VS-A9UJ-01A	Primary Tumor
c56d83cc-7c4e-4738-9c60-a6630caa7643	jhu-usc.edu_CESC.HumanMethylation450.19.lvl-3.TCGA-VS-A9V1-01A-11D-A42P-05.gdc_hg38.txt	DNA Methylation	Methylation Beta Value	TCGA-CESC	TCGA-VS-A9V1	TCGA-VS-A9V1-01A	Primary Tumor
462e8ea1-4e5c-4eed-9249-1dbe0e99b0ab	jhu-usc.edu_CESC.HumanMethylation450.5.lvl-3.TCGA-C5-A2LY-01A-31D-A18K-05.gdc_hg38.txt	DNA Methylation	Methylation Beta Value	TCGA-CESC	TCGA-C5-A2LY	TCGA-C5-A2LY-01A	Primary Tumor
498f1e23-8c6a-4831-bca6-ce4a99928df9	jhu-usc.edu_CESC.HumanMethylation450.17.lvl-3.TCGA-VS-A8EJ-01A-11D-A37Q-05.gdc_hg38.txt	DNA Methylation	Methylation Beta Value	TCGA-CESC	TCGA-VS-A8EJ	TCGA-VS-A8EJ-01A	Primary Tumor
9a9508dd-6a44-4f99-b818-5a4cca2ba483	jhu-usc.edu_CESC.HumanMethylation450.5.lvl-3.TCGA-C5-A2LT-01A-11D-A18K-05.gdc_hg38.txt	DNA Methylation	Methylation Beta Value	TCGA-CESC	TCGA-C5-A2LT	TCGA-C5-A2LT-01A	Primary Tumor
0f721285-89cd-483d-96df-8a2d841f876b	jhu-usc.edu_CESC.HumanMethylation450.19.lvl-3.TCGA-VS-A9UM-01A-11D-A42P-05.gdc_hg38.txt	DNA Methylation	Methylation Beta Value	TCGA-CESC	TCGA-VS-A9UM	TCGA-VS-A9UM-01A	Primary Tumor
1acb0f2a-1d9c-48e7-8414-9635830ae201	jhu-usc.edu_CESC.HumanMethylation450.19.lvl-3.TCGA-UC-A7PG-06A-11D-A42P-05.gdc_hg38.txt	DNA Methylation	Methylation Beta Value	TCGA-CESC	TCGA-UC-A7PG	TCGA-UC-A7PG-06A	Metastatic
578027ce-413f-4c92-8574-65e8ced9390e	jhu-usc.edu_CESC.HumanMethylation450.17.lvl-3.TCGA-2W-A8YY-01A-11D-A37Q-05.gdc_hg38.txt	DNA Methylation	Methylation Beta Value	TCGA-CESC	TCGA-2W-A8YY	TCGA-2W-A8YY-01A	Primary Tumor
2f787c3f-2c9f-4277-a00f-c5305b6ddb6f	jhu-usc.edu_CESC.HumanMethylation450.12.lvl-3.TCGA-JX-A5QV-01A-22D-A28C-05.gdc_hg38.txt	DNA Methylation	Methylation Beta Value	TCGA-CESC	TCGA-JX-A5QV	TCGA-JX-A5QV-01A	Primary Tumor
9135124f-4165-4120-b743-4351d6c93dc2	jhu-usc.edu_CESC.HumanMethylation450.3.lvl-3.TCGA-FU-A23L-01A-11D-A16P-05.gdc_hg38.txt	DNA Methylation	Methylation Beta Value	TCGA-CESC	TCGA-FU-A23L	TCGA-FU-A23L-01A	Primary Tumor
6a0582fa-1c71-4cb9-a625-9c7c2a89bcfa	jhu-usc.edu_CESC.HumanMethylation450.10.lvl-3.TCGA-EA-A439-01A-11D-A244-05.gdc_hg38.txt	DNA Methylation	Methylation Beta Value	TCGA-CESC	TCGA-EA-A439	TCGA-EA-A439-01A	Primary Tumor
4c8f2e0b-b92b-4a08-a3ae-dac1ca00d180	jhu-usc.edu_CESC.HumanMethylation450.19.lvl-3.TCGA-VS-A9UH-01A-11D-A42P-05.gdc_hg38.txt	DNA Methylation	Methylation Beta Value	TCGA-CESC	TCGA-VS-A9UH	TCGA-VS-A9UH-01A	Primary Tumor
10aec249-1936-4158-bb80-6970007ed99a	jhu-usc.edu_CESC.HumanMethylation450.19.lvl-3.TCGA-VS-A9UT-01A-11D-A42P-05.gdc_hg38.txt	DNA Methylation	Methylation Beta Value	TCGA-CESC	TCGA-VS-A9UT	TCGA-VS-A9UT-01A	Primary Tumor
a289ab3b-bc26-46e4-afcc-5572fc59218c	jhu-usc.edu_CESC.HumanMethylation450.13.lvl-3.TCGA-EX-A69L-01A-11D-A32T-05.gdc_hg38.txt	DNA Methylation	Methylation Beta Value	TCGA-CESC	TCGA-EX-A69L	TCGA-EX-A69L-01A	Primary Tumor
e6d65c3c-75c5-475b-b5b7-a6d2950f492b	jhu-usc.edu_CESC.HumanMethylation450.4.lvl-3.TCGA-DG-A2KM-01A-11D-A17Z-05.gdc_hg38.txt	DNA Methylation	Methylation Beta Value	TCGA-CESC	TCGA-DG-A2KM	TCGA-DG-A2KM-01A	Primary Tumor
31e8e844-f308-4b76-b88e-b47afe687f90	jhu-usc.edu_CESC.HumanMethylation450.2.lvl-3.TCGA-C5-A1MI-01A-11D-A14Z-05.gdc_hg38.txt	DNA Methylation	Methylation Beta Value	TCGA-CESC	TCGA-C5-A1MI	TCGA-C5-A1MI-01A	Primary Tumor
ce0a088f-cc31-455f-aa19-1037d9857180	jhu-usc.edu_CESC.HumanMethylation450.9.lvl-3.TCGA-BI-A0VR-01A-11D-A10W-05.gdc_hg38.txt	DNA Methylation	Methylation Beta Value	TCGA-CESC	TCGA-BI-A0VR	TCGA-BI-A0VR-01A	Primary Tumor
5c943c37-698e-4c5f-84a9-a7c60707f3d7	jhu-usc.edu_CESC.HumanMethylation450.15.lvl-3.TCGA-C5-A7CO-01A-11D-A357-05.gdc_hg38.txt	DNA Methylation	Methylation Beta Value	TCGA-CESC	TCGA-C5-A7CO	TCGA-C5-A7CO-01A	Primary Tumor
02fc1464-fcdd-4353-84c9-ef72171f98c2	jhu-usc.edu_CESC.HumanMethylation450.16.lvl-3.TCGA-C5-A7UI-01A-11D-A36K-05.gdc_hg38.txt	DNA Methylation	Methylation Beta Value	TCGA-CESC	TCGA-C5-A7UI	TCGA-C5-A7UI-01A	Primary Tumor
cd6fb515-13f0-497b-8bd1-d44df2da3d9b	jhu-usc.edu_CESC.HumanMethylation450.19.lvl-3.TCGA-ZJ-AAXB-01A-11D-A42P-05.gdc_hg38.txt	DNA Methylation	Methylation Beta Value	TCGA-CESC	TCGA-ZJ-AAXB	TCGA-ZJ-AAXB-01A	Primary Tumor
d7120ce5-17a7-456b-be6e-92fc4e366a1b	jhu-usc.edu_CESC.HumanMethylation450.12.lvl-3.TCGA-JW-A5VJ-01A-11D-A28C-05.gdc_hg38.txt	DNA Methylation	Methylation Beta Value	TCGA-CESC	TCGA-JW-A5VJ	TCGA-JW-A5VJ-01A	Primary Tumor
6f8dd747-4c1b-4d4c-bc62-6b49cc66a1a1	jhu-usc.edu_CESC.HumanMethylation450.10.lvl-3.TCGA-FU-A40J-01A-11D-A244-05.gdc_hg38.txt	DNA Methylation	Methylation Beta Value	TCGA-CESC	TCGA-FU-A40J	TCGA-FU-A40J-01A	Primary Tumor
61282956-1044-4bcf-9445-3b0b9a24350f	jhu-usc.edu_CESC.HumanMethylation450.17.lvl-3.TCGA-ZJ-A8QO-01A-11D-A37Q-05.gdc_hg38.txt	DNA Methylation	Methylation Beta Value	TCGA-CESC	TCGA-ZJ-A8QO	TCGA-ZJ-A8QO-01A	Primary Tumor
a9aaedd7-3d43-4a3d-8da4-09d04deb9274	jhu-usc.edu_CESC.HumanMethylation450.13.lvl-3.TCGA-C5-A7CK-01A-11D-A32T-05.gdc_hg38.txt	DNA Methylation	Methylation Beta Value	TCGA-CESC	TCGA-C5-A7CK	TCGA-C5-A7CK-01A	Primary Tumor
067ff1d3-798e-49df-986d-1929179c0353	jhu-usc.edu_CESC.HumanMethylation450.18.lvl-3.TCGA-MA-AA41-01A-11D-A388-05.gdc_hg38.txt	DNA Methylation	Methylation Beta Value	TCGA-CESC	TCGA-MA-AA41	TCGA-MA-AA41-01A	Primary Tumor
16b146fa-422a-451f-8303-55cee29d27e1	jhu-usc.edu_CESC.HumanMethylation450.4.lvl-3.TCGA-EK-A2H0-01A-11D-A17Z-05.gdc_hg38.txt	DNA Methylation	Methylation Beta Value	TCGA-CESC	TCGA-EK-A2H0	TCGA-EK-A2H0-01A	Primary Tumor
6641f041-a3d1-4d68-9c3c-f0c5e7b37992	jhu-usc.edu_CESC.HumanMethylation450.19.lvl-3.TCGA-VS-A9U6-01A-11D-A42P-05.gdc_hg38.txt	DNA Methylation	Methylation Beta Value	TCGA-CESC	TCGA-VS-A9U6	TCGA-VS-A9U6-01A	Primary Tumor
4a2ac5b2-3d7c-4d02-9356-6a70596e5316	jhu-usc.edu_CESC.HumanMethylation450.17.lvl-3.TCGA-VS-A8EK-01A-12D-A37Q-05.gdc_hg38.txt	DNA Methylation	Methylation Beta Value	TCGA-CESC	TCGA-VS-A8EK	TCGA-VS-A8EK-01A	Primary Tumor
c715668c-c2f5-4f0d-8971-551d8512bc1e	jhu-usc.edu_CESC.HumanMethylation450.5.lvl-3.TCGA-C5-A2M2-01A-21D-A18K-05.gdc_hg38.txt	DNA Methylation	Methylation Beta Value	TCGA-CESC	TCGA-C5-A2M2	TCGA-C5-A2M2-01A	Primary Tumor
eee23919-fdcf-4643-9d34-84431e742d44	jhu-usc.edu_CESC.HumanMethylation450.19.lvl-3.TCGA-VS-A9U7-01A-11D-A42P-05.gdc_hg38.txt	DNA Methylation	Methylation Beta Value	TCGA-CESC	TCGA-VS-A9U7	TCGA-VS-A9U7-01A	Primary Tumor
7ce88d60-60fb-44ab-928a-975cc66b9036	jhu-usc.edu_CESC.HumanMethylation450.19.lvl-3.TCGA-VS-A9UZ-01A-11D-A42P-05.gdc_hg38.txt	DNA Methylation	Methylation Beta Value	TCGA-CESC	TCGA-VS-A9UZ	TCGA-VS-A9UZ-01A	Primary Tumor
fb26d991-e180-4daf-8078-eca0c3e2df22	jhu-usc.edu_CESC.HumanMethylation450.18.lvl-3.TCGA-VS-A952-01A-11D-A388-05.gdc_hg38.txt	DNA Methylation	Methylation Beta Value	TCGA-CESC	TCGA-VS-A952	TCGA-VS-A952-01A	Primary Tumor
3975f8ea-4a31-4a54-94c2-4d6bd5ff7e43	jhu-usc.edu_CESC.HumanMethylation450.13.lvl-3.TCGA-Q1-A73Q-01A-21D-A32T-05.gdc_hg38.txt	DNA Methylation	Methylation Beta Value	TCGA-CESC	TCGA-Q1-A73Q	TCGA-Q1-A73Q-01A	Primary Tumor
392801c2-afa0-45d8-a257-aa13888816fd	jhu-usc.edu_CESC.HumanMethylation450.10.lvl-3.TCGA-IR-A3LB-01A-11D-A244-05.gdc_hg38.txt	DNA Methylation	Methylation Beta Value	TCGA-CESC	TCGA-IR-A3LB	TCGA-IR-A3LB-01A	Primary Tumor
a5a554c3-9e00-4132-be12-400a7975f53d	jhu-usc.edu_CESC.HumanMethylation450.19.lvl-3.TCGA-VS-A9UB-01A-22D-A42P-05.gdc_hg38.txt	DNA Methylation	Methylation Beta Value	TCGA-CESC	TCGA-VS-A9UB	TCGA-VS-A9UB-01A	Primary Tumor
0806f3b9-09ee-4eac-9dac-46f41e4a8cb5	jhu-usc.edu_CESC.HumanMethylation450.6.lvl-3.TCGA-C5-A3HL-01A-11D-A212-05.gdc_hg38.txt	DNA Methylation	Methylation Beta Value	TCGA-CESC	TCGA-C5-A3HL	TCGA-C5-A3HL-01A	Primary Tumor
39f8ce81-8d10-488f-a4ae-e00473a41868	jhu-usc.edu_CESC.HumanMethylation450.1.lvl-3.TCGA-EX-A1H5-01A-31D-A13Z-05.gdc_hg38.txt	DNA Methylation	Methylation Beta Value	TCGA-CESC	TCGA-EX-A1H5	TCGA-EX-A1H5-01A	Primary Tumor
b051dd1f-7535-454e-91cf-71247c8875eb	jhu-usc.edu_CESC.HumanMethylation450.11.lvl-3.TCGA-EA-A50E-01A-21D-A26S-05.gdc_hg38.txt	DNA Methylation	Methylation Beta Value	TCGA-CESC	TCGA-EA-A50E	TCGA-EA-A50E-01A	Primary Tumor
2d74560b-61c6-4535-a48c-69103098c824	jhu-usc.edu_CESC.HumanMethylation450.19.lvl-3.TCGA-ZJ-AB0H-01A-11D-A42P-05.gdc_hg38.txt	DNA Methylation	Methylation Beta Value	TCGA-CESC	TCGA-ZJ-AB0H	TCGA-ZJ-AB0H-01A	Primary Tumor
b3c29258-0ab3-41b1-ab4f-4091c138ea32	jhu-usc.edu_CESC.HumanMethylation450.15.lvl-3.TCGA-JW-A852-01A-11D-A357-05.gdc_hg38.txt	DNA Methylation	Methylation Beta Value	TCGA-CESC	TCGA-JW-A852	TCGA-JW-A852-01A	Primary Tumor
b828d859-f1de-4cdc-aa76-6bf7c309bd37	jhu-usc.edu_CESC.HumanMethylation450.19.lvl-3.TCGA-VS-A9UV-01A-11D-A42P-05.gdc_hg38.txt	DNA Methylation	Methylation Beta Value	TCGA-CESC	TCGA-VS-A9UV	TCGA-VS-A9UV-01A	Primary Tumor
5e804258-718c-472b-a256-18ee135cd374	jhu-usc.edu_CESC.HumanMethylation450.5.lvl-3.TCGA-EK-A2RB-01A-11D-A18K-05.gdc_hg38.txt	DNA Methylation	Methylation Beta Value	TCGA-CESC	TCGA-EK-A2RB	TCGA-EK-A2RB-01A	Primary Tumor
2b57d464-aaf8-4c12-ad1f-7111f5b2173d	jhu-usc.edu_CESC.HumanMethylation450.13.lvl-3.TCGA-R2-A69V-01A-11D-A32T-05.gdc_hg38.txt	DNA Methylation	Methylation Beta Value	TCGA-CESC	TCGA-R2-A69V	TCGA-R2-A69V-01A	Primary Tumor
685c66ce-40f4-42d5-ad5c-61cd06b14e90	jhu-usc.edu_CESC.HumanMethylation450.18.lvl-3.TCGA-VS-A954-01A-11D-A388-05.gdc_hg38.txt	DNA Methylation	Methylation Beta Value	TCGA-CESC	TCGA-VS-A954	TCGA-VS-A954-01A	Primary Tumor
161a5ff9-992d-4e3b-b36f-c2e59e516dcf	jhu-usc.edu_CESC.HumanMethylation450.15.lvl-3.TCGA-UC-A7PF-01A-11D-A357-05.gdc_hg38.txt	DNA Methylation	Methylation Beta Value	TCGA-CESC	TCGA-UC-A7PF	TCGA-UC-A7PF-01A	Primary Tumor
cbe609ed-116d-4da2-80f8-691533082465	jhu-usc.edu_CESC.HumanMethylation450.17.lvl-3.TCGA-C5-A8YT-01A-11D-A37Q-05.gdc_hg38.txt	DNA Methylation	Methylation Beta Value	TCGA-CESC	TCGA-C5-A8YT	TCGA-C5-A8YT-01A	Primary Tumor
ebdcb6b0-16f2-4e4d-bc3b-2e91731781ad	jhu-usc.edu_CESC.HumanMethylation450.5.lvl-3.TCGA-EK-A2RE-01A-11D-A18K-05.gdc_hg38.txt	DNA Methylation	Methylation Beta Value	TCGA-CESC	TCGA-EK-A2RE	TCGA-EK-A2RE-01A	Primary Tumor
e66e2fe0-1728-4159-8f27-91e8163fb07d	jhu-usc.edu_CESC.HumanMethylation450.6.lvl-3.TCGA-IR-A3LH-01A-21D-A212-05.gdc_hg38.txt	DNA Methylation	Methylation Beta Value	TCGA-CESC	TCGA-IR-A3LH	TCGA-IR-A3LH-01A	Primary Tumor
1c216b2c-2315-4ec4-a98f-ff4a8570102b	jhu-usc.edu_CESC.HumanMethylation450.2.lvl-3.TCGA-C5-A1ML-01A-11D-A14Z-05.gdc_hg38.txt	DNA Methylation	Methylation Beta Value	TCGA-CESC	TCGA-C5-A1ML	TCGA-C5-A1ML-01A	Primary Tumor
70520c62-92f5-4115-90ac-8a0fa8bff788	jhu-usc.edu_CESC.HumanMethylation450.6.lvl-3.TCGA-IR-A3LC-01A-11D-A212-05.gdc_hg38.txt	DNA Methylation	Methylation Beta Value	TCGA-CESC	TCGA-IR-A3LC	TCGA-IR-A3LC-01A	Primary Tumor
7007c480-8763-47c0-bfa3-c02f4d6332ef	jhu-usc.edu_CESC.HumanMethylation450.17.lvl-3.TCGA-C5-A907-01A-11D-A37Q-05.gdc_hg38.txt	DNA Methylation	Methylation Beta Value	TCGA-CESC	TCGA-C5-A907	TCGA-C5-A907-01A	Primary Tumor
16ff4039-ed53-412e-b28c-29588f6e8ef8	jhu-usc.edu_CESC.HumanMethylation450.15.lvl-3.TCGA-DS-A7WF-01A-11D-A357-05.gdc_hg38.txt	DNA Methylation	Methylation Beta Value	TCGA-CESC	TCGA-DS-A7WF	TCGA-DS-A7WF-01A	Primary Tumor
070c7575-a298-4930-a8c0-e10d42094d86	jhu-usc.edu_CESC.HumanMethylation450.18.lvl-3.TCGA-MA-AA3Z-01A-11D-A388-05.gdc_hg38.txt	DNA Methylation	Methylation Beta Value	TCGA-CESC	TCGA-MA-AA3Z	TCGA-MA-AA3Z-01A	Primary Tumor
612cc602-2fad-4048-9a8c-50f2fa3c3ea5	jhu-usc.edu_CESC.HumanMethylation450.14.lvl-3.TCGA-EA-A6QX-01A-12D-A340-05.gdc_hg38.txt	DNA Methylation	Methylation Beta Value	TCGA-CESC	TCGA-EA-A6QX	TCGA-EA-A6QX-01A	Primary Tumor
7cc24a23-0fed-4003-a441-46469d365539	jhu-usc.edu_CESC.HumanMethylation450.5.lvl-3.TCGA-C5-A2LX-01A-11D-A18K-05.gdc_hg38.txt	DNA Methylation	Methylation Beta Value	TCGA-CESC	TCGA-C5-A2LX	TCGA-C5-A2LX-01A	Primary Tumor
8dda8f16-c3f9-45b7-8ea7-3d5197792951	jhu-usc.edu_CESC.HumanMethylation450.18.lvl-3.TCGA-VS-A94X-01A-11D-A388-05.gdc_hg38.txt	DNA Methylation	Methylation Beta Value	TCGA-CESC	TCGA-VS-A94X	TCGA-VS-A94X-01A	Primary Tumor
f7474bff-18e0-42a7-a553-622cb767f4db	jhu-usc.edu_CESC.HumanMethylation450.19.lvl-3.TCGA-ZJ-AB0I-01A-11D-A42P-05.gdc_hg38.txt	DNA Methylation	Methylation Beta Value	TCGA-CESC	TCGA-ZJ-AB0I	TCGA-ZJ-AB0I-01A	Primary Tumor
a1a9d1ee-5d78-42de-abff-b1c25819942e	jhu-usc.edu_CESC.HumanMethylation450.12.lvl-3.TCGA-JW-A5VG-01A-11D-A28C-05.gdc_hg38.txt	DNA Methylation	Methylation Beta Value	TCGA-CESC	TCGA-JW-A5VG	TCGA-JW-A5VG-01A	Primary Tumor
d70e6420-43d0-4172-9e56-9b9e021e4a41	jhu-usc.edu_CESC.HumanMethylation450.6.lvl-3.TCGA-FU-A3EO-01A-11D-A212-05.gdc_hg38.txt	DNA Methylation	Methylation Beta Value	TCGA-CESC	TCGA-FU-A3EO	TCGA-FU-A3EO-01A	Primary Tumor
2b400484-707f-4d01-a29a-7f6f22f4afb4	jhu-usc.edu_CESC.HumanMethylation450.17.lvl-3.TCGA-VS-A8EI-01A-11D-A37Q-05.gdc_hg38.txt	DNA Methylation	Methylation Beta Value	TCGA-CESC	TCGA-VS-A8EI	TCGA-VS-A8EI-01A	Primary Tumor
52be67bf-12ac-4353-b79e-ac3702c2eb20	jhu-usc.edu_CESC.HumanMethylation450.2.lvl-3.TCGA-C5-A1MH-01A-11D-A14Z-05.gdc_hg38.txt	DNA Methylation	Methylation Beta Value	TCGA-CESC	TCGA-C5-A1MH	TCGA-C5-A1MH-01A	Primary Tumor
e3e08eca-2f65-4dfb-9cc2-0980cc5dcbf6	jhu-usc.edu_CESC.HumanMethylation450.17.lvl-3.TCGA-VS-A8Q8-01A-11D-A37Q-05.gdc_hg38.txt	DNA Methylation	Methylation Beta Value	TCGA-CESC	TCGA-VS-A8Q8	TCGA-VS-A8Q8-01A	Primary Tumor
b1b491af-d2d3-4a76-8eb4-036570aea834	jhu-usc.edu_CESC.HumanMethylation450.5.lvl-3.TCGA-EK-A2R7-01A-11D-A18K-05.gdc_hg38.txt	DNA Methylation	Methylation Beta Value	TCGA-CESC	TCGA-EK-A2R7	TCGA-EK-A2R7-01A	Primary Tumor
62699bf0-9bf0-413b-9865-b3069faedfa9	jhu-usc.edu_CESC.HumanMethylation450.8.lvl-3.TCGA-EX-A3L1-01A-11D-A21R-05.gdc_hg38.txt	DNA Methylation	Methylation Beta Value	TCGA-CESC	TCGA-EX-A3L1	TCGA-EX-A3L1-01A	Primary Tumor
02986da1-e8f0-42ab-a454-7b84d49f4779	jhu-usc.edu_CESC.HumanMethylation450.17.lvl-3.TCGA-ZJ-A8QQ-01A-11D-A37Q-05.gdc_hg38.txt	DNA Methylation	Methylation Beta Value	TCGA-CESC	TCGA-ZJ-A8QQ	TCGA-ZJ-A8QQ-01A	Primary Tumor
e4179b92-65bb-4dd1-b906-08e40ea03c1a	jhu-usc.edu_CESC.HumanMethylation450.19.lvl-3.TCGA-UC-A7PI-01A-11D-A42P-05.gdc_hg38.txt	DNA Methylation	Methylation Beta Value	TCGA-CESC	TCGA-UC-A7PI	TCGA-UC-A7PI-01A	Primary Tumor
c0bd692c-6b6f-48e0-9bcc-7fa8e8b5ebfe	jhu-usc.edu_CESC.HumanMethylation450.6.lvl-3.TCGA-HG-A2PA-01A-11D-A212-05.gdc_hg38.txt	DNA Methylation	Methylation Beta Value	TCGA-CESC	TCGA-HG-A2PA	TCGA-HG-A2PA-01A	Primary Tumor
3f912a7e-ae6f-4e1a-8fb8-9664021569d0	jhu-usc.edu_CESC.HumanMethylation450.1.lvl-3.TCGA-C5-A1M8-01A-21D-A13Z-05.gdc_hg38.txt	DNA Methylation	Methylation Beta Value	TCGA-CESC	TCGA-C5-A1M8	TCGA-C5-A1M8-01A	Primary Tumor
cc59d0ed-894d-4201-abf2-1fc34a78c6d9	jhu-usc.edu_CESC.HumanMethylation450.17.lvl-3.TCGA-MY-A913-01A-11D-A37Q-05.gdc_hg38.txt	DNA Methylation	Methylation Beta Value	TCGA-CESC	TCGA-MY-A913	TCGA-MY-A913-01A	Primary Tumor
5aef9339-fcbd-4e4f-9e18-34a35a1a6c9f	jhu-usc.edu_CESC.HumanMethylation450.9.lvl-3.TCGA-DR-A0ZM-01A-12D-A10W-05.gdc_hg38.txt	DNA Methylation	Methylation Beta Value	TCGA-CESC	TCGA-DR-A0ZM	TCGA-DR-A0ZM-01A	Primary Tumor
722aacec-5d42-4c87-90bc-36a7b7600d42	jhu-usc.edu_CESC.HumanMethylation450.5.lvl-3.TCGA-EK-A2RJ-01A-11D-A18K-05.gdc_hg38.txt	DNA Methylation	Methylation Beta Value	TCGA-CESC	TCGA-EK-A2RJ	TCGA-EK-A2RJ-01A	Primary Tumor
707f6fa5-ec95-4606-a0bc-dd1fd36348d6	jhu-usc.edu_CESC.HumanMethylation450.17.lvl-3.TCGA-C5-A8ZZ-01A-11D-A37Q-05.gdc_hg38.txt	DNA Methylation	Methylation Beta Value	TCGA-CESC	TCGA-C5-A8ZZ	TCGA-C5-A8ZZ-01A	Primary Tumor
5910eb8c-243e-4fe4-90d9-554db6a837b1	jhu-usc.edu_CESC.HumanMethylation450.19.lvl-3.TCGA-VS-A9V4-01A-12D-A42P-05.gdc_hg38.txt	DNA Methylation	Methylation Beta Value	TCGA-CESC	TCGA-VS-A9V4	TCGA-VS-A9V4-01A	Primary Tumor
2ae2d2bb-f194-4531-9913-688a56f79141	jhu-usc.edu_CESC.HumanMethylation450.14.lvl-3.TCGA-FU-A770-01A-11D-A340-05.gdc_hg38.txt	DNA Methylation	Methylation Beta Value	TCGA-CESC	TCGA-FU-A770	TCGA-FU-A770-01A	Primary Tumor
4e7e10a5-89df-4d1f-9960-060bcf1a6c9c	jhu-usc.edu_CESC.HumanMethylation450.12.lvl-3.TCGA-EA-A5ZD-01A-11D-A28C-05.gdc_hg38.txt	DNA Methylation	Methylation Beta Value	TCGA-CESC	TCGA-EA-A5ZD	TCGA-EA-A5ZD-01A	Primary Tumor
6b7190d8-c9ae-4d51-ba3d-d21f8e1c8263	jhu-usc.edu_CESC.HumanMethylation450.18.lvl-3.TCGA-MA-AA3Y-01A-11D-A388-05.gdc_hg38.txt	DNA Methylation	Methylation Beta Value	TCGA-CESC	TCGA-MA-AA3Y	TCGA-MA-AA3Y-01A	Primary Tumor
b51a4cad-edbf-4545-9a44-47da32c07f7c	jhu-usc.edu_CESC.HumanMethylation450.5.lvl-3.TCGA-EK-A2PG-01A-11D-A18K-05.gdc_hg38.txt	DNA Methylation	Methylation Beta Value	TCGA-CESC	TCGA-EK-A2PG	TCGA-EK-A2PG-01A	Primary Tumor
7d71cf16-4ffd-439d-85ee-50a0786a0ccb	jhu-usc.edu_CESC.HumanMethylation450.7.lvl-3.TCGA-FU-A3YQ-01A-11D-A230-05.gdc_hg38.txt	DNA Methylation	Methylation Beta Value	TCGA-CESC	TCGA-FU-A3YQ	TCGA-FU-A3YQ-01A	Primary Tumor
6151838d-5143-4c9d-b298-6fe52439e02f	jhu-usc.edu_CESC.HumanMethylation450.2.lvl-3.TCGA-C5-A1MK-01A-11D-A14Z-05.gdc_hg38.txt	DNA Methylation	Methylation Beta Value	TCGA-CESC	TCGA-C5-A1MK	TCGA-C5-A1MK-01A	Primary Tumor
a0a52fed-c1d8-4ab4-996a-3c7c33a223f7	jhu-usc.edu_CESC.HumanMethylation450.19.lvl-3.TCGA-VS-A9UD-01A-11D-A42P-05.gdc_hg38.txt	DNA Methylation	Methylation Beta Value	TCGA-CESC	TCGA-VS-A9UD	TCGA-VS-A9UD-01A	Primary Tumor
9718e47c-b1a9-4e9e-bf37-e6e676b6d726	jhu-usc.edu_CESC.HumanMethylation450.17.lvl-3.TCGA-C5-A8XI-01A-11D-A37Q-05.gdc_hg38.txt	DNA Methylation	Methylation Beta Value	TCGA-CESC	TCGA-C5-A8XI	TCGA-C5-A8XI-01A	Primary Tumor
c61a77bb-97e9-4dcb-8b46-55bd4a37668e	jhu-usc.edu_CESC.HumanMethylation450.16.lvl-3.TCGA-VS-A8EG-01A-11D-A36K-05.gdc_hg38.txt	DNA Methylation	Methylation Beta Value	TCGA-CESC	TCGA-VS-A8EG	TCGA-VS-A8EG-01A	Primary Tumor
1f578d01-68c3-4261-a304-798e601d5888	jhu-usc.edu_CESC.HumanMethylation450.12.lvl-3.TCGA-EA-A5O9-01A-11D-A28C-05.gdc_hg38.txt	DNA Methylation	Methylation Beta Value	TCGA-CESC	TCGA-EA-A5O9	TCGA-EA-A5O9-01A	Primary Tumor
ece271e6-878c-4f4f-8604-3152425817a9	jhu-usc.edu_CESC.HumanMethylation450.19.lvl-3.TCGA-ZJ-AAXN-01A-11D-A42P-05.gdc_hg38.txt	DNA Methylation	Methylation Beta Value	TCGA-CESC	TCGA-ZJ-AAXN	TCGA-ZJ-AAXN-01A	Primary Tumor
7e18c1d4-dd8c-49fb-b50a-16a5317f63dd	jhu-usc.edu_CESC.HumanMethylation450.19.lvl-3.TCGA-VS-A9V5-01A-11D-A42P-05.gdc_hg38.txt	DNA Methylation	Methylation Beta Value	TCGA-CESC	TCGA-VS-A9V5	TCGA-VS-A9V5-01A	Primary Tumor
e522d495-a6e0-4508-9d31-2ba3ecb247a5	jhu-usc.edu_CESC.HumanMethylation450.2.lvl-3.TCGA-C5-A1BN-01B-11D-A14Z-05.gdc_hg38.txt	DNA Methylation	Methylation Beta Value	TCGA-CESC	TCGA-C5-A1BN	TCGA-C5-A1BN-01B	Primary Tumor
32e205eb-eb28-460d-bef4-4f125aeb8741	jhu-usc.edu_CESC.HumanMethylation450.5.lvl-3.TCGA-C5-A2LV-01A-11D-A18K-05.gdc_hg38.txt	DNA Methylation	Methylation Beta Value	TCGA-CESC	TCGA-C5-A2LV	TCGA-C5-A2LV-01A	Primary Tumor
4329c321-54e6-4f44-8373-877433e57194	jhu-usc.edu_CESC.HumanMethylation450.1.lvl-3.TCGA-C5-A1M9-01A-11D-A13Z-05.gdc_hg38.txt	DNA Methylation	Methylation Beta Value	TCGA-CESC	TCGA-C5-A1M9	TCGA-C5-A1M9-01A	Primary Tumor
ee1c6536-85b3-4574-b087-e93783ac890f	jhu-usc.edu_CESC.HumanMethylation450.10.lvl-3.TCGA-EA-A43B-01A-81D-A244-05.gdc_hg38.txt	DNA Methylation	Methylation Beta Value	TCGA-CESC	TCGA-EA-A43B	TCGA-EA-A43B-01A	Primary Tumor
0dca1a72-f566-400c-b439-c3a3e6afa2e3	jhu-usc.edu_CESC.HumanMethylation450.19.lvl-3.TCGA-VS-A9UU-01A-11D-A42P-05.gdc_hg38.txt	DNA Methylation	Methylation Beta Value	TCGA-CESC	TCGA-VS-A9UU	TCGA-VS-A9UU-01A	Primary Tumor
b7bdb950-bb34-4905-b591-8570a141ed03	jhu-usc.edu_CESC.HumanMethylation450.11.lvl-3.TCGA-EA-A44S-01A-12D-A26S-05.gdc_hg38.txt	DNA Methylation	Methylation Beta Value	TCGA-CESC	TCGA-EA-A44S	TCGA-EA-A44S-01A	Primary Tumor
5b12235d-d2c2-4fb4-9d57-f5e0200394e8	jhu-usc.edu_CESC.HumanMethylation450.19.lvl-3.TCGA-VS-A9V2-01A-11D-A42P-05.gdc_hg38.txt	DNA Methylation	Methylation Beta Value	TCGA-CESC	TCGA-VS-A9V2	TCGA-VS-A9V2-01A	Primary Tumor
ddd04948-b9f9-414f-8ad2-8df729a08d6a	jhu-usc.edu_CESC.HumanMethylation450.2.lvl-3.TCGA-DS-A1OD-01A-11D-A14Z-05.gdc_hg38.txt	DNA Methylation	Methylation Beta Value	TCGA-CESC	TCGA-DS-A1OD	TCGA-DS-A1OD-01A	Primary Tumor
05eb1fc2-7fa7-4fbb-ba06-07d0db656819	jhu-usc.edu_CESC.HumanMethylation450.8.lvl-3.TCGA-JX-A3Q8-01A-11D-A21R-05.gdc_hg38.txt	DNA Methylation	Methylation Beta Value	TCGA-CESC	TCGA-JX-A3Q8	TCGA-JX-A3Q8-01A	Primary Tumor
127fc344-ff87-4d67-b58d-e324c6ab638b	jhu-usc.edu_CESC.HumanMethylation450.19.lvl-3.TCGA-VS-A9V0-01A-11D-A42P-05.gdc_hg38.txt	DNA Methylation	Methylation Beta Value	TCGA-CESC	TCGA-VS-A9V0	TCGA-VS-A9V0-01A	Primary Tumor
733ab18e-ec98-4fb7-9003-4398af60a6a5	jhu-usc.edu_CESC.HumanMethylation450.19.lvl-3.TCGA-VS-A9UC-01A-11D-A42P-05.gdc_hg38.txt	DNA Methylation	Methylation Beta Value	TCGA-CESC	TCGA-VS-A9UC	TCGA-VS-A9UC-01A	Primary Tumor
5167ed8b-2510-4a5c-9eb9-0d242292d300	jhu-usc.edu_CESC.HumanMethylation450.9.lvl-3.TCGA-DS-A0VM-01A-11D-A10W-05.gdc_hg38.txt	DNA Methylation	Methylation Beta Value	TCGA-CESC	TCGA-DS-A0VM	TCGA-DS-A0VM-01A	Primary Tumor
de09e323-af29-44d7-bb80-06f08936efa6	jhu-usc.edu_CESC.HumanMethylation450.9.lvl-3.TCGA-DS-A0VK-01A-21D-A10W-05.gdc_hg38.txt	DNA Methylation	Methylation Beta Value	TCGA-CESC	TCGA-DS-A0VK	TCGA-DS-A0VK-01A	Primary Tumor
adb8ef52-40a1-45d4-a192-6c95a88b2910	jhu-usc.edu_CESC.HumanMethylation450.11.lvl-3.TCGA-MY-A5BF-01A-11D-A26S-05.gdc_hg38.txt	DNA Methylation	Methylation Beta Value	TCGA-CESC	TCGA-MY-A5BF	TCGA-MY-A5BF-01A	Primary Tumor
8048b1a6-63b6-48d8-a1b7-7ed28a3a8912	jhu-usc.edu_CESC.HumanMethylation450.15.lvl-3.TCGA-C5-A7X3-01A-11D-A357-05.gdc_hg38.txt	DNA Methylation	Methylation Beta Value	TCGA-CESC	TCGA-C5-A7X3	TCGA-C5-A7X3-01A	Primary Tumor
a19dc801-4cca-4253-9af7-6a5481d3a2a4	jhu-usc.edu_CESC.HumanMethylation450.14.lvl-3.TCGA-HM-A6W2-01A-21D-A340-05.gdc_hg38.txt	DNA Methylation	Methylation Beta Value	TCGA-CESC	TCGA-HM-A6W2	TCGA-HM-A6W2-01A	Primary Tumor
c1086f35-bf14-420a-b944-089072f53be0	jhu-usc.edu_CESC.HumanMethylation450.5.lvl-3.TCGA-EK-A2RL-01A-11D-A18K-05.gdc_hg38.txt	DNA Methylation	Methylation Beta Value	TCGA-CESC	TCGA-EK-A2RL	TCGA-EK-A2RL-01A	Primary Tumor
5cf41213-cc40-43d0-8705-74fbf3e36650	jhu-usc.edu_CESC.HumanMethylation450.11.lvl-3.TCGA-MY-A5BF-11A-11D-A26S-05.gdc_hg38.txt	DNA Methylation	Methylation Beta Value	TCGA-CESC	TCGA-MY-A5BF	TCGA-MY-A5BF-11A	Solid Tissue Normal
45982a9d-9356-43a4-9aab-36d9a6da5f6e	jhu-usc.edu_CESC.HumanMethylation450.17.lvl-3.TCGA-C5-A8XK-01A-11D-A37Q-05.gdc_hg38.txt	DNA Methylation	Methylation Beta Value	TCGA-CESC	TCGA-C5-A8XK	TCGA-C5-A8XK-01A	Primary Tumor
c2b82272-cc7d-4ed8-9ff5-d7797ba63297	jhu-usc.edu_CESC.HumanMethylation450.1.lvl-3.TCGA-C5-A1ME-01A-11D-A13Z-05.gdc_hg38.txt	DNA Methylation	Methylation Beta Value	TCGA-CESC	TCGA-C5-A1ME	TCGA-C5-A1ME-01A	Primary Tumor
00bbed01-9d43-42c3-9903-ddc7d4e850d4	jhu-usc.edu_CESC.HumanMethylation450.2.lvl-3.TCGA-C5-A1MN-01A-11D-A14Z-05.gdc_hg38.txt	DNA Methylation	Methylation Beta Value	TCGA-CESC	TCGA-C5-A1MN	TCGA-C5-A1MN-01A	Primary Tumor
6c5fb4e8-220c-47d7-8564-8e3a76ff8444	jhu-usc.edu_CESC.HumanMethylation450.8.lvl-3.TCGA-FU-A3HY-01A-11D-A21R-05.gdc_hg38.txt	DNA Methylation	Methylation Beta Value	TCGA-CESC	TCGA-FU-A3HY	TCGA-FU-A3HY-01A	Primary Tumor
dbd220fa-3ee2-460b-89ca-199c22378c86	jhu-usc.edu_CESC.HumanMethylation450.5.lvl-3.TCGA-EK-A2PI-01A-11D-A18K-05.gdc_hg38.txt	DNA Methylation	Methylation Beta Value	TCGA-CESC	TCGA-EK-A2PI	TCGA-EK-A2PI-01A	Primary Tumor
5cdcd233-6cfb-42a2-ad04-d332b6ba2fac	jhu-usc.edu_CESC.HumanMethylation450.12.lvl-3.TCGA-Q1-A5R3-01A-11D-A28C-05.gdc_hg38.txt	DNA Methylation	Methylation Beta Value	TCGA-CESC	TCGA-Q1-A5R3	TCGA-Q1-A5R3-01A	Primary Tumor
d8c44767-9152-43c9-8d69-3cb0e2d2b739	jhu-usc.edu_CESC.HumanMethylation450.19.lvl-3.TCGA-ZJ-AAXJ-01A-11D-A42P-05.gdc_hg38.txt	DNA Methylation	Methylation Beta Value	TCGA-CESC	TCGA-ZJ-AAXJ	TCGA-ZJ-AAXJ-01A	Primary Tumor
d590c121-3274-4cad-93dd-0899381d537d	jhu-usc.edu_CESC.HumanMethylation450.13.lvl-3.TCGA-Q1-A6DT-01A-11D-A32T-05.gdc_hg38.txt	DNA Methylation	Methylation Beta Value	TCGA-CESC	TCGA-Q1-A6DT	TCGA-Q1-A6DT-01A	Primary Tumor
9517328f-623a-468d-b78b-73085aa2e84a	jhu-usc.edu_CESC.HumanMethylation450.2.lvl-3.TCGA-DS-A1OC-01A-11D-A14Z-05.gdc_hg38.txt	DNA Methylation	Methylation Beta Value	TCGA-CESC	TCGA-DS-A1OC	TCGA-DS-A1OC-01A	Primary Tumor
673dc28c-30e2-4db9-8e25-745e35280a05	jhu-usc.edu_CESC.HumanMethylation450.6.lvl-3.TCGA-IR-A3LL-01A-11D-A212-05.gdc_hg38.txt	DNA Methylation	Methylation Beta Value	TCGA-CESC	TCGA-IR-A3LL	TCGA-IR-A3LL-01A	Primary Tumor
655859e9-6bca-4788-9107-e48aeb04306e	jhu-usc.edu_CESC.HumanMethylation450.8.lvl-3.TCGA-FU-A3NI-01A-11D-A21R-05.gdc_hg38.txt	DNA Methylation	Methylation Beta Value	TCGA-CESC	TCGA-FU-A3NI	TCGA-FU-A3NI-01A	Primary Tumor
cf0e451e-ecd8-4c52-a4a9-446ddcb4a07d	jhu-usc.edu_CESC.HumanMethylation450.7.lvl-3.TCGA-FU-A3TQ-01A-11D-A230-05.gdc_hg38.txt	DNA Methylation	Methylation Beta Value	TCGA-CESC	TCGA-FU-A3TQ	TCGA-FU-A3TQ-01A	Primary Tumor
822856e1-33f6-4277-a324-7b701df7a819	jhu-usc.edu_CESC.HumanMethylation450.15.lvl-3.TCGA-UC-A7PD-01A-11D-A357-05.gdc_hg38.txt	DNA Methylation	Methylation Beta Value	TCGA-CESC	TCGA-UC-A7PD	TCGA-UC-A7PD-01A	Primary Tumor
dcb07c66-8df0-4abc-b3ac-0eb66ac5e731	jhu-usc.edu_CESC.HumanMethylation450.9.lvl-3.TCGA-DS-A0VN-01A-21D-A10W-05.gdc_hg38.txt	DNA Methylation	Methylation Beta Value	TCGA-CESC	TCGA-DS-A0VN	TCGA-DS-A0VN-01A	Primary Tumor
a971c587-8767-40cc-9192-f796a06f0486	jhu-usc.edu_CESC.HumanMethylation450.12.lvl-3.TCGA-FU-A5XV-01A-11D-A28C-05.gdc_hg38.txt	DNA Methylation	Methylation Beta Value	TCGA-CESC	TCGA-FU-A5XV	TCGA-FU-A5XV-01A	Primary Tumor
37a9962c-c539-42f4-b407-3b248d46e340	jhu-usc.edu_CESC.HumanMethylation450.1.lvl-3.TCGA-C5-A1BI-01B-11D-A13Z-05.gdc_hg38.txt	DNA Methylation	Methylation Beta Value	TCGA-CESC	TCGA-C5-A1BI	TCGA-C5-A1BI-01B	Primary Tumor
7fa2755c-ff68-4fab-a767-eb7c036bb2b2	jhu-usc.edu_CESC.HumanMethylation450.1.lvl-3.TCGA-C5-A1BJ-01A-11D-A13Z-05.gdc_hg38.txt	DNA Methylation	Methylation Beta Value	TCGA-CESC	TCGA-C5-A1BJ	TCGA-C5-A1BJ-01A	Primary Tumor
71776923-c80f-4b4c-8ca0-2d4fbaa8a6c7	jhu-usc.edu_CESC.HumanMethylation450.17.lvl-3.TCGA-VS-A8Q9-01A-12D-A37Q-05.gdc_hg38.txt	DNA Methylation	Methylation Beta Value	TCGA-CESC	TCGA-VS-A8Q9	TCGA-VS-A8Q9-01A	Primary Tumor
3a03f26f-f19b-49fc-8be9-a44e4372c792	jhu-usc.edu_CESC.HumanMethylation450.5.lvl-3.TCGA-C5-A2M1-01A-11D-A18K-05.gdc_hg38.txt	DNA Methylation	Methylation Beta Value	TCGA-CESC	TCGA-C5-A2M1	TCGA-C5-A2M1-01A	Primary Tumor
c9126d5e-97da-4c2a-a059-a655e7b9fe9c	jhu-usc.edu_CESC.HumanMethylation450.17.lvl-3.TCGA-VS-A8QM-01A-11D-A37Q-05.gdc_hg38.txt	DNA Methylation	Methylation Beta Value	TCGA-CESC	TCGA-VS-A8QM	TCGA-VS-A8QM-01A	Primary Tumor
3fc5938a-54e8-44f6-8356-4c18c2c88d0f	jhu-usc.edu_CESC.HumanMethylation450.6.lvl-3.TCGA-EK-A3GM-01A-11D-A212-05.gdc_hg38.txt	DNA Methylation	Methylation Beta Value	TCGA-CESC	TCGA-EK-A3GM	TCGA-EK-A3GM-01A	Primary Tumor
1a6a2679-e09c-4845-99ee-1a7be4f74c2e	jhu-usc.edu_CESC.HumanMethylation450.14.lvl-3.TCGA-C5-A7CM-01A-11D-A340-05.gdc_hg38.txt	DNA Methylation	Methylation Beta Value	TCGA-CESC	TCGA-C5-A7CM	TCGA-C5-A7CM-01A	Primary Tumor
486e7f3e-308a-4338-ac7b-6d00684f08ad	jhu-usc.edu_CESC.HumanMethylation450.19.lvl-3.TCGA-VS-A9V3-01A-11D-A42P-05.gdc_hg38.txt	DNA Methylation	Methylation Beta Value	TCGA-CESC	TCGA-VS-A9V3	TCGA-VS-A9V3-01A	Primary Tumor
7512ffe2-5aa2-435b-ae82-e9db599d04c9	jhu-usc.edu_CESC.HumanMethylation450.1.lvl-3.TCGA-C5-A1BK-01B-11D-A13Z-05.gdc_hg38.txt	DNA Methylation	Methylation Beta Value	TCGA-CESC	TCGA-C5-A1BK	TCGA-C5-A1BK-01B	Primary Tumor
375dd279-0a5d-4f2f-acaf-ae641e505ba7	jhu-usc.edu_CESC.HumanMethylation450.19.lvl-3.TCGA-VS-A9U5-01A-11D-A42P-05.gdc_hg38.txt	DNA Methylation	Methylation Beta Value	TCGA-CESC	TCGA-VS-A9U5	TCGA-VS-A9U5-01A	Primary Tumor
86b61b02-b197-45bf-b496-7150d1dd6961	jhu-usc.edu_CESC.HumanMethylation450.6.lvl-3.TCGA-EK-A3GJ-01A-21D-A212-05.gdc_hg38.txt	DNA Methylation	Methylation Beta Value	TCGA-CESC	TCGA-EK-A3GJ	TCGA-EK-A3GJ-01A	Primary Tumor
8649d520-a3fe-4b00-864e-1166cb815dd3	jhu-usc.edu_CESC.HumanMethylation450.6.lvl-3.TCGA-EK-A3GN-01A-11D-A212-05.gdc_hg38.txt	DNA Methylation	Methylation Beta Value	TCGA-CESC	TCGA-EK-A3GN	TCGA-EK-A3GN-01A	Primary Tumor
576f4e1c-bc1c-40d9-8da6-94a144a32743	jhu-usc.edu_CESC.HumanMethylation450.19.lvl-3.TCGA-VS-A9UL-01A-11D-A42P-05.gdc_hg38.txt	DNA Methylation	Methylation Beta Value	TCGA-CESC	TCGA-VS-A9UL	TCGA-VS-A9UL-01A	Primary Tumor
49476fd2-0220-4707-961d-e2128d2522a4	jhu-usc.edu_CESC.HumanMethylation450.16.lvl-3.TCGA-VS-A8EH-01A-11D-A36K-05.gdc_hg38.txt	DNA Methylation	Methylation Beta Value	TCGA-CESC	TCGA-VS-A8EH	TCGA-VS-A8EH-01A	Primary Tumor
6e3988d2-7a90-4b2e-8ea5-881962ebb767	jhu-usc.edu_CESC.HumanMethylation450.19.lvl-3.TCGA-VS-A9UQ-01A-21D-A42P-05.gdc_hg38.txt	DNA Methylation	Methylation Beta Value	TCGA-CESC	TCGA-VS-A9UQ	TCGA-VS-A9UQ-01A	Primary Tumor
b56a0644-a0a4-4363-8aff-71f55d7c7892	jhu-usc.edu_CESC.HumanMethylation450.2.lvl-3.TCGA-EA-A1QT-01A-11D-A14Z-05.gdc_hg38.txt	DNA Methylation	Methylation Beta Value	TCGA-CESC	TCGA-EA-A1QT	TCGA-EA-A1QT-01A	Primary Tumor
51a71765-6d08-4b00-a062-ed684d1ff8f1	jhu-usc.edu_CESC.HumanMethylation450.14.lvl-3.TCGA-C5-A7CH-01A-11D-A340-05.gdc_hg38.txt	DNA Methylation	Methylation Beta Value	TCGA-CESC	TCGA-C5-A7CH	TCGA-C5-A7CH-01A	Primary Tumor
60572ceb-92b1-4235-9d30-3cdcc3f2e7f7	jhu-usc.edu_CESC.HumanMethylation450.10.lvl-3.TCGA-LP-A4AU-01A-32D-A244-05.gdc_hg38.txt	DNA Methylation	Methylation Beta Value	TCGA-CESC	TCGA-LP-A4AU	TCGA-LP-A4AU-01A	Primary Tumor
a779fc20-876a-4361-a8a1-a686c7f7e865	jhu-usc.edu_CESC.HumanMethylation450.16.lvl-3.TCGA-C5-A7X8-01A-11D-A36K-05.gdc_hg38.txt	DNA Methylation	Methylation Beta Value	TCGA-CESC	TCGA-C5-A7X8	TCGA-C5-A7X8-01A	Primary Tumor
7770a6e9-e349-42bc-8acf-10b00a1ae3d2	jhu-usc.edu_CESC.HumanMethylation450.17.lvl-3.TCGA-VS-A8QF-01A-21D-A37Q-05.gdc_hg38.txt	DNA Methylation	Methylation Beta Value	TCGA-CESC	TCGA-VS-A8QF	TCGA-VS-A8QF-01A	Primary Tumor
ec764b01-10d7-4d72-aa40-eba541adcd6e	jhu-usc.edu_CESC.HumanMethylation450.1.lvl-3.TCGA-C5-A1MF-01A-11D-A13Z-05.gdc_hg38.txt	DNA Methylation	Methylation Beta Value	TCGA-CESC	TCGA-C5-A1MF	TCGA-C5-A1MF-01A	Primary Tumor
f8ad610c-de4d-4341-a9a6-d80ecd17f5d3	jhu-usc.edu_CESC.HumanMethylation450.6.lvl-3.TCGA-EA-A3HQ-01A-11D-A212-05.gdc_hg38.txt	DNA Methylation	Methylation Beta Value	TCGA-CESC	TCGA-EA-A3HQ	TCGA-EA-A3HQ-01A	Primary Tumor
0884db0c-06ec-4d9f-96fc-b6c22c71757e	jhu-usc.edu_CESC.HumanMethylation450.17.lvl-3.TCGA-GH-A9DA-01A-21D-A37Q-05.gdc_hg38.txt	DNA Methylation	Methylation Beta Value	TCGA-CESC	TCGA-GH-A9DA	TCGA-GH-A9DA-01A	Primary Tumor
599c8685-fe35-47b5-a380-cabb51089a39	jhu-usc.edu_CESC.HumanMethylation450.14.lvl-3.TCGA-Q1-A73S-01A-11D-A340-05.gdc_hg38.txt	DNA Methylation	Methylation Beta Value	TCGA-CESC	TCGA-Q1-A73S	TCGA-Q1-A73S-01A	Primary Tumor
308bb347-e4af-4e34-8345-2c04f5c08f65	jhu-usc.edu_CESC.HumanMethylation450.18.lvl-3.TCGA-EA-A97N-01A-11D-A388-05.gdc_hg38.txt	DNA Methylation	Methylation Beta Value	TCGA-CESC	TCGA-EA-A97N	TCGA-EA-A97N-01A	Primary Tumor
e646b760-6590-45b6-b961-021814dc203b	jhu-usc.edu_CESC.HumanMethylation450.17.lvl-3.TCGA-C5-A8YQ-01A-11D-A37Q-05.gdc_hg38.txt	DNA Methylation	Methylation Beta Value	TCGA-CESC	TCGA-C5-A8YQ	TCGA-C5-A8YQ-01A	Primary Tumor
b9283f98-f853-4dda-be24-bc0236ea2d77	jhu-usc.edu_CESC.HumanMethylation450.5.lvl-3.TCGA-EK-A2RM-01A-21D-A18K-05.gdc_hg38.txt	DNA Methylation	Methylation Beta Value	TCGA-CESC	TCGA-EK-A2RM	TCGA-EK-A2RM-01A	Primary Tumor
f1378e6c-36c2-4255-a8bb-b1461af0a9c8	jhu-usc.edu_CESC.HumanMethylation450.11.lvl-3.TCGA-FU-A57G-01A-11D-A26S-05.gdc_hg38.txt	DNA Methylation	Methylation Beta Value	TCGA-CESC	TCGA-FU-A57G	TCGA-FU-A57G-01A	Primary Tumor
1c051b48-27c2-4984-8aaa-623937c899ab	jhu-usc.edu_CESC.HumanMethylation450.10.lvl-3.TCGA-LP-A4AX-01A-12D-A244-05.gdc_hg38.txt	DNA Methylation	Methylation Beta Value	TCGA-CESC	TCGA-LP-A4AX	TCGA-LP-A4AX-01A	Primary Tumor
83d2845e-94d6-4a73-b92b-27579d861884	jhu-usc.edu_CESC.HumanMethylation450.16.lvl-3.TCGA-VS-A8EC-01A-11D-A36K-05.gdc_hg38.txt	DNA Methylation	Methylation Beta Value	TCGA-CESC	TCGA-VS-A8EC	TCGA-VS-A8EC-01A	Primary Tumor
527631e0-82ec-4005-8a1b-c59ce84a8ee1	jhu-usc.edu_CESC.HumanMethylation450.9.lvl-3.TCGA-BI-A0VS-01A-11D-A10W-05.gdc_hg38.txt	DNA Methylation	Methylation Beta Value	TCGA-CESC	TCGA-BI-A0VS	TCGA-BI-A0VS-01A	Primary Tumor
6cf81395-c96e-48d7-8cd1-5b30dd1b7a8b	jhu-usc.edu_CESC.HumanMethylation450.13.lvl-3.TCGA-C5-A7CL-01A-11D-A32T-05.gdc_hg38.txt	DNA Methylation	Methylation Beta Value	TCGA-CESC	TCGA-C5-A7CL	TCGA-C5-A7CL-01A	Primary Tumor
c39172d4-1329-4049-9c96-73a6f6854537	jhu-usc.edu_CESC.HumanMethylation450.12.lvl-3.TCGA-JW-A5VH-01A-11D-A28C-05.gdc_hg38.txt	DNA Methylation	Methylation Beta Value	TCGA-CESC	TCGA-JW-A5VH	TCGA-JW-A5VH-01A	Primary Tumor
f54cae2f-f176-47b1-b161-9e8554d32472	jhu-usc.edu_CESC.HumanMethylation450.13.lvl-3.TCGA-JW-A69B-01A-11D-A32T-05.gdc_hg38.txt	DNA Methylation	Methylation Beta Value	TCGA-CESC	TCGA-JW-A69B	TCGA-JW-A69B-01A	Primary Tumor
d42483ea-ab09-4a17-a26c-b8063efd8bfa	jhu-usc.edu_CESC.HumanMethylation450.8.lvl-3.TCGA-JX-A3Q0-01A-11D-A21R-05.gdc_hg38.txt	DNA Methylation	Methylation Beta Value	TCGA-CESC	TCGA-JX-A3Q0	TCGA-JX-A3Q0-01A	Primary Tumor
45ef707c-55c5-4285-a5be-26c3724c1c55	jhu-usc.edu_CESC.HumanMethylation450.5.lvl-3.TCGA-EK-A2RA-01A-11D-A18K-05.gdc_hg38.txt	DNA Methylation	Methylation Beta Value	TCGA-CESC	TCGA-EK-A2RA	TCGA-EK-A2RA-01A	Primary Tumor
62c6048b-3b6f-45a9-a81d-916178106f8f	jhu-usc.edu_CESC.HumanMethylation450.15.lvl-3.TCGA-C5-A7UH-01A-11D-A357-05.gdc_hg38.txt	DNA Methylation	Methylation Beta Value	TCGA-CESC	TCGA-C5-A7UH	TCGA-C5-A7UH-01A	Primary Tumor
1ca81bd7-ca76-4715-8e3e-f9355ed48edf	jhu-usc.edu_CESC.HumanMethylation450.1.lvl-3.TCGA-C5-A1BF-01B-11D-A13Z-05.gdc_hg38.txt	DNA Methylation	Methylation Beta Value	TCGA-CESC	TCGA-C5-A1BF	TCGA-C5-A1BF-01B	Primary Tumor
5d74e67a-2513-49b7-8d70-7ac37bfcde06	jhu-usc.edu_CESC.HumanMethylation450.6.lvl-3.TCGA-C5-A2LZ-01A-11D-A212-05.gdc_hg38.txt	DNA Methylation	Methylation Beta Value	TCGA-CESC	TCGA-C5-A2LZ	TCGA-C5-A2LZ-01A	Primary Tumor
cfbe7388-3428-4008-a930-f87c65a23de6	jhu-usc.edu_CESC.HumanMethylation450.12.lvl-3.TCGA-Q1-A5R1-01A-11D-A28C-05.gdc_hg38.txt	DNA Methylation	Methylation Beta Value	TCGA-CESC	TCGA-Q1-A5R1	TCGA-Q1-A5R1-01A	Primary Tumor
3c521c99-116b-4b75-8154-750819162529	jhu-usc.edu_CESC.HumanMethylation450.6.lvl-3.TCGA-IR-A3L7-01A-21D-A212-05.gdc_hg38.txt	DNA Methylation	Methylation Beta Value	TCGA-CESC	TCGA-IR-A3L7	TCGA-IR-A3L7-01A	Primary Tumor
47d8e38f-5cac-4241-a488-1b4fc47fa86d	jhu-usc.edu_CESC.HumanMethylation450.2.lvl-3.TCGA-C5-A0TN-01A-21D-A14Z-05.gdc_hg38.txt	DNA Methylation	Methylation Beta Value	TCGA-CESC	TCGA-C5-A0TN	TCGA-C5-A0TN-01A	Primary Tumor
f1c99f4a-c46c-4b0f-8b5c-e573c3ba1f3b	jhu-usc.edu_CESC.HumanMethylation450.14.lvl-3.TCGA-HM-A6W2-06A-22D-A340-05.gdc_hg38.txt	DNA Methylation	Methylation Beta Value	TCGA-CESC	TCGA-HM-A6W2	TCGA-HM-A6W2-06A	Metastatic
7bb84bf9-b155-4f79-a8d5-4e7a78e1e27b	jhu-usc.edu_CESC.HumanMethylation450.17.lvl-3.TCGA-VS-A8QC-01A-11D-A37Q-05.gdc_hg38.txt	DNA Methylation	Methylation Beta Value	TCGA-CESC	TCGA-VS-A8QC	TCGA-VS-A8QC-01A	Primary Tumor
ab959188-c22b-422e-8384-a804fe84eb64	jhu-usc.edu_CESC.HumanMethylation450.18.lvl-3.TCGA-4J-AA1J-01A-21D-A388-05.gdc_hg38.txt	DNA Methylation	Methylation Beta Value	TCGA-CESC	TCGA-4J-AA1J	TCGA-4J-AA1J-01A	Primary Tumor
a36f09dc-593c-4d75-b78a-dfc0fe157271	jhu-usc.edu_CESC.HumanMethylation450.19.lvl-3.TCGA-ZJ-AAXI-01A-11D-A42P-05.gdc_hg38.txt	DNA Methylation	Methylation Beta Value	TCGA-CESC	TCGA-ZJ-AAXI	TCGA-ZJ-AAXI-01A	Primary Tumor
85149e48-9924-4149-b62d-f3f46f60fdbd	jhu-usc.edu_CESC.HumanMethylation450.2.lvl-3.TCGA-C5-A1MJ-01A-11D-A14Z-05.gdc_hg38.txt	DNA Methylation	Methylation Beta Value	TCGA-CESC	TCGA-C5-A1MJ	TCGA-C5-A1MJ-01A	Primary Tumor
1de9cf7b-da11-4b9d-ac3a-8cd3896ad3be	jhu-usc.edu_CESC.HumanMethylation450.16.lvl-3.TCGA-MU-A8JM-01A-11D-A36K-05.gdc_hg38.txt	DNA Methylation	Methylation Beta Value	TCGA-CESC	TCGA-MU-A8JM	TCGA-MU-A8JM-01A	Primary Tumor
ef6e3727-c33f-493b-99dc-50434fa67eb5	jhu-usc.edu_CESC.HumanMethylation450.15.lvl-3.TCGA-C5-A7UC-01A-11D-A357-05.gdc_hg38.txt	DNA Methylation	Methylation Beta Value	TCGA-CESC	TCGA-C5-A7UC	TCGA-C5-A7UC-01A	Primary Tumor
70c186a5-8cff-4b21-b52d-8b111b7f0a8b	jhu-usc.edu_CESC.HumanMethylation450.3.lvl-3.TCGA-FU-A23K-01A-11D-A16P-05.gdc_hg38.txt	DNA Methylation	Methylation Beta Value	TCGA-CESC	TCGA-FU-A23K	TCGA-FU-A23K-01A	Primary Tumor
ecea1ff6-3055-4f72-8115-66c110a198ef	jhu-usc.edu_CESC.HumanMethylation450.19.lvl-3.TCGA-VS-AA62-01A-11D-A42P-05.gdc_hg38.txt	DNA Methylation	Methylation Beta Value	TCGA-CESC	TCGA-VS-AA62	TCGA-VS-AA62-01A	Primary Tumor
bba44fb3-25a1-4e8f-bbf6-f51f9ce3dfae	jhu-usc.edu_CESC.HumanMethylation450.6.lvl-3.TCGA-EA-A3HR-01A-11D-A212-05.gdc_hg38.txt	DNA Methylation	Methylation Beta Value	TCGA-CESC	TCGA-EA-A3HR	TCGA-EA-A3HR-01A	Primary Tumor
50e4afa2-2149-4d94-b483-d4513ad4af0a	jhu-usc.edu_CESC.HumanMethylation450.11.lvl-3.TCGA-HM-A4S6-01A-11D-A26S-05.gdc_hg38.txt	DNA Methylation	Methylation Beta Value	TCGA-CESC	TCGA-HM-A4S6	TCGA-HM-A4S6-01A	Primary Tumor
83fb274b-9037-4bab-bfe8-14d1d3462ad2	jhu-usc.edu_CESC.HumanMethylation450.4.lvl-3.TCGA-EK-A2IR-01A-11D-A17Z-05.gdc_hg38.txt	DNA Methylation	Methylation Beta Value	TCGA-CESC	TCGA-EK-A2IR	TCGA-EK-A2IR-01A	Primary Tumor
e97cc934-4724-4d3c-9566-6075acc9d54f	jhu-usc.edu_CESC.HumanMethylation450.5.lvl-3.TCGA-EK-A2PM-01A-11D-A18K-05.gdc_hg38.txt	DNA Methylation	Methylation Beta Value	TCGA-CESC	TCGA-EK-A2PM	TCGA-EK-A2PM-01A	Primary Tumor
af208520-11f8-45f0-acce-f6fc25e38d23	jhu-usc.edu_CESC.HumanMethylation450.5.lvl-3.TCGA-EK-A2RC-01A-11D-A18K-05.gdc_hg38.txt	DNA Methylation	Methylation Beta Value	TCGA-CESC	TCGA-EK-A2RC	TCGA-EK-A2RC-01A	Primary Tumor
0e0df5fa-dd36-4ba7-b441-cf836e38bb0a	jhu-usc.edu_CESC.HumanMethylation450.11.lvl-3.TCGA-MY-A5BE-01A-21D-A26S-05.gdc_hg38.txt	DNA Methylation	Methylation Beta Value	TCGA-CESC	TCGA-MY-A5BE	TCGA-MY-A5BE-01A	Primary Tumor
77aae443-9766-47d1-b20d-d608557f357a	jhu-usc.edu_CESC.HumanMethylation450.13.lvl-3.TCGA-Q1-A73P-01A-11D-A32T-05.gdc_hg38.txt	DNA Methylation	Methylation Beta Value	TCGA-CESC	TCGA-Q1-A73P	TCGA-Q1-A73P-01A	Primary Tumor
1977f3e6-9adb-434d-9e5a-6f1d960bce00	jhu-usc.edu_CESC.HumanMethylation450.5.lvl-3.TCGA-DG-A2KJ-01A-11D-A18K-05.gdc_hg38.txt	DNA Methylation	Methylation Beta Value	TCGA-CESC	TCGA-DG-A2KJ	TCGA-DG-A2KJ-01A	Primary Tumor
b08ce9b1-d28a-4c71-bd17-8d4ba89bc9c1	jhu-usc.edu_CESC.HumanMethylation450.4.lvl-3.TCGA-DG-A2KK-01A-11D-A17Z-05.gdc_hg38.txt	DNA Methylation	Methylation Beta Value	TCGA-CESC	TCGA-DG-A2KK	TCGA-DG-A2KK-01A	Primary Tumor
47299ddf-61c7-404e-bf1e-3b43613cd4c9	jhu-usc.edu_CESC.HumanMethylation450.19.lvl-3.TCGA-VS-A9UO-01A-11D-A42P-05.gdc_hg38.txt	DNA Methylation	Methylation Beta Value	TCGA-CESC	TCGA-VS-A9UO	TCGA-VS-A9UO-01A	Primary Tumor
505ac519-798d-4f44-bead-6ed74d512da6	jhu-usc.edu_CESC.HumanMethylation450.7.lvl-3.TCGA-C5-A3HE-01A-21D-A230-05.gdc_hg38.txt	DNA Methylation	Methylation Beta Value	TCGA-CESC	TCGA-C5-A3HE	TCGA-C5-A3HE-01A	Primary Tumor
f5b164c6-53da-4f58-8dbe-0eb3ff42a319	jhu-usc.edu_CESC.HumanMethylation450.19.lvl-3.TCGA-MA-AA43-01A-11D-A42P-05.gdc_hg38.txt	DNA Methylation	Methylation Beta Value	TCGA-CESC	TCGA-MA-AA43	TCGA-MA-AA43-01A	Primary Tumor
29628a2d-6869-4ce6-aa02-39013160a240	jhu-usc.edu_CESC.HumanMethylation450.8.lvl-3.TCGA-DS-A3LQ-01A-21D-A21R-05.gdc_hg38.txt	DNA Methylation	Methylation Beta Value	TCGA-CESC	TCGA-DS-A3LQ	TCGA-DS-A3LQ-01A	Primary Tumor
065c36a5-b824-4d81-ac8a-98abe7c2dc54	jhu-usc.edu_CESC.HumanMethylation450.19.lvl-3.TCGA-ZJ-AAXT-01A-11D-A42P-05.gdc_hg38.txt	DNA Methylation	Methylation Beta Value	TCGA-CESC	TCGA-ZJ-AAXT	TCGA-ZJ-AAXT-01A	Primary Tumor
c1da24ef-c401-4d4c-bc8e-2534e580e36c	jhu-usc.edu_CESC.HumanMethylation450.1.lvl-3.TCGA-C5-A1BM-01A-11D-A13Z-05.gdc_hg38.txt	DNA Methylation	Methylation Beta Value	TCGA-CESC	TCGA-C5-A1BM	TCGA-C5-A1BM-01A	Primary Tumor
ce42fb75-332c-4d12-8779-42d054d43c3e	jhu-usc.edu_CESC.HumanMethylation450.17.lvl-3.TCGA-C5-A8XH-01A-11D-A37Q-05.gdc_hg38.txt	DNA Methylation	Methylation Beta Value	TCGA-CESC	TCGA-C5-A8XH	TCGA-C5-A8XH-01A	Primary Tumor
cd2d04f1-2828-4c6d-94c2-d7b25d79fed3	jhu-usc.edu_CESC.HumanMethylation450.19.lvl-3.TCGA-ZJ-AAXA-01A-11D-A42P-05.gdc_hg38.txt	DNA Methylation	Methylation Beta Value	TCGA-CESC	TCGA-ZJ-AAXA	TCGA-ZJ-AAXA-01A	Primary Tumor
6a4e15f3-9d1a-415c-be5f-31f0e67c2ac9	jhu-usc.edu_CESC.HumanMethylation450.5.lvl-3.TCGA-EK-A2PK-01A-11D-A18K-05.gdc_hg38.txt	DNA Methylation	Methylation Beta Value	TCGA-CESC	TCGA-EK-A2PK	TCGA-EK-A2PK-01A	Primary Tumor
36b426a6-8913-4cdd-a76a-83ee5ee4e982	jhu-usc.edu_CESC.HumanMethylation450.17.lvl-3.TCGA-VS-A94W-01A-12D-A37Q-05.gdc_hg38.txt	DNA Methylation	Methylation Beta Value	TCGA-CESC	TCGA-VS-A94W	TCGA-VS-A94W-01A	Primary Tumor
8a4ac075-24a9-46e9-b4e0-dc5c1d9c452e	jhu-usc.edu_CESC.HumanMethylation450.1.lvl-3.TCGA-C5-A1BE-01B-11D-A13Z-05.gdc_hg38.txt	DNA Methylation	Methylation Beta Value	TCGA-CESC	TCGA-C5-A1BE	TCGA-C5-A1BE-01B	Primary Tumor
90b57180-0ecc-4b22-92a5-20e030b36636	jhu-usc.edu_CESC.HumanMethylation450.7.lvl-3.TCGA-EX-A1H6-01B-11D-A230-05.gdc_hg38.txt	DNA Methylation	Methylation Beta Value	TCGA-CESC	TCGA-EX-A1H6	TCGA-EX-A1H6-01B	Primary Tumor
ea93b09f-2f35-4965-8825-62caf0639a10	jhu-usc.edu_CESC.HumanMethylation450.19.lvl-3.TCGA-ZJ-AAXD-01A-21D-A42P-05.gdc_hg38.txt	DNA Methylation	Methylation Beta Value	TCGA-CESC	TCGA-ZJ-AAXD	TCGA-ZJ-AAXD-01A	Primary Tumor
3add008f-fdb0-4ab8-aae7-0bf6314788b0	jhu-usc.edu_CESC.HumanMethylation450.16.lvl-3.TCGA-PN-A8MA-01A-11D-A36K-05.gdc_hg38.txt	DNA Methylation	Methylation Beta Value	TCGA-CESC	TCGA-PN-A8MA	TCGA-PN-A8MA-01A	Primary Tumor
c80832a9-4ef9-4a42-baae-8a59a879e16e	jhu-usc.edu_CESC.HumanMethylation450.2.lvl-3.TCGA-DS-A1OB-01A-11D-A14Z-05.gdc_hg38.txt	DNA Methylation	Methylation Beta Value	TCGA-CESC	TCGA-DS-A1OB	TCGA-DS-A1OB-01A	Primary Tumor
26ebe959-8983-43b6-b670-f734b0308066	jhu-usc.edu_CESC.HumanMethylation450.13.lvl-3.TCGA-C5-A7CJ-01A-11D-A32T-05.gdc_hg38.txt	DNA Methylation	Methylation Beta Value	TCGA-CESC	TCGA-C5-A7CJ	TCGA-C5-A7CJ-01A	Primary Tumor
1110126c-b7e6-41e0-8487-2cf430db4111	jhu-usc.edu_CESC.HumanMethylation450.8.lvl-3.TCGA-HM-A3JJ-11A-12D-A21R-05.gdc_hg38.txt	DNA Methylation	Methylation Beta Value	TCGA-CESC	TCGA-HM-A3JJ	TCGA-HM-A3JJ-11A	Solid Tissue Normal
91c4b9e5-5347-4f72-bd0a-82675148bef3	jhu-usc.edu_CESC.HumanMethylation450.1.lvl-3.TCGA-C5-A1M6-01A-11D-A13Z-05.gdc_hg38.txt	DNA Methylation	Methylation Beta Value	TCGA-CESC	TCGA-C5-A1M6	TCGA-C5-A1M6-01A	Primary Tumor
53cde36b-f92a-4923-8c6a-43a50efaf750	jhu-usc.edu_CESC.HumanMethylation450.10.lvl-3.TCGA-EA-A3Y4-01A-51D-A244-05.gdc_hg38.txt	DNA Methylation	Methylation Beta Value	TCGA-CESC	TCGA-EA-A3Y4	TCGA-EA-A3Y4-01A	Primary Tumor
f45dd6b8-60c1-41a5-b1cc-e234afdcdd5e	jhu-usc.edu_CESC.HumanMethylation450.13.lvl-3.TCGA-Q1-A6DV-01A-11D-A32T-05.gdc_hg38.txt	DNA Methylation	Methylation Beta Value	TCGA-CESC	TCGA-Q1-A6DV	TCGA-Q1-A6DV-01A	Primary Tumor
42e476e0-3c84-4c45-993e-c4a436302bd4	jhu-usc.edu_CESC.HumanMethylation450.19.lvl-3.TCGA-VS-A959-01A-11D-A42P-05.gdc_hg38.txt	DNA Methylation	Methylation Beta Value	TCGA-CESC	TCGA-VS-A959	TCGA-VS-A959-01A	Primary Tumor
b8036b6f-269c-458c-94ed-c810cc321959	jhu-usc.edu_CESC.HumanMethylation450.13.lvl-3.TCGA-EX-A69M-01A-11D-A32T-05.gdc_hg38.txt	DNA Methylation	Methylation Beta Value	TCGA-CESC	TCGA-EX-A69M	TCGA-EX-A69M-01A	Primary Tumor
96e4e898-3ed3-4721-beb2-5643309e36cc	jhu-usc.edu_CESC.HumanMethylation450.17.lvl-3.TCGA-C5-A8XJ-01A-11D-A37Q-05.gdc_hg38.txt	DNA Methylation	Methylation Beta Value	TCGA-CESC	TCGA-C5-A8XJ	TCGA-C5-A8XJ-01A	Primary Tumor
0cc0795a-ef49-495a-842f-6acf0e2152eb	jhu-usc.edu_CESC.HumanMethylation450.2.lvl-3.TCGA-C5-A1MQ-01A-11D-A14Z-05.gdc_hg38.txt	DNA Methylation	Methylation Beta Value	TCGA-CESC	TCGA-C5-A1MQ	TCGA-C5-A1MQ-01A	Primary Tumor
4c42850c-4051-454c-9779-2faa8e25cde9	jhu-usc.edu_CESC.HumanMethylation450.19.lvl-3.TCGA-VS-A9UY-01A-11D-A42P-05.gdc_hg38.txt	DNA Methylation	Methylation Beta Value	TCGA-CESC	TCGA-VS-A9UY	TCGA-VS-A9UY-01A	Primary Tumor
f4e2c5a8-0632-4ab3-be46-406959acfc17	jhu-usc.edu_CESC.HumanMethylation450.4.lvl-3.TCGA-DG-A2KL-01A-11D-A17Z-05.gdc_hg38.txt	DNA Methylation	Methylation Beta Value	TCGA-CESC	TCGA-DG-A2KL	TCGA-DG-A2KL-01A	Primary Tumor
16d01678-10de-4697-8c8d-5794fcf77ea0	jhu-usc.edu_CESC.HumanMethylation450.5.lvl-3.TCGA-EK-A2RK-01A-11D-A18K-05.gdc_hg38.txt	DNA Methylation	Methylation Beta Value	TCGA-CESC	TCGA-EK-A2RK	TCGA-EK-A2RK-01A	Primary Tumor
24aab2c7-36de-4f25-af16-42b36b108c72	jhu-usc.edu_CESC.HumanMethylation450.7.lvl-3.TCGA-EA-A3QD-01A-32D-A230-05.gdc_hg38.txt	DNA Methylation	Methylation Beta Value	TCGA-CESC	TCGA-EA-A3QD	TCGA-EA-A3QD-01A	Primary Tumor
d521a582-098d-4b52-ab58-628e750dbc38	jhu-usc.edu_CESC.HumanMethylation450.6.lvl-3.TCGA-C5-A3HD-01B-11D-A212-05.gdc_hg38.txt	DNA Methylation	Methylation Beta Value	TCGA-CESC	TCGA-C5-A3HD	TCGA-C5-A3HD-01B	Primary Tumor
215af4d0-9f5b-4c0d-836e-671154cb5955	jhu-usc.edu_CESC.HumanMethylation450.1.lvl-3.TCGA-C5-A1BL-01A-11D-A13Z-05.gdc_hg38.txt	DNA Methylation	Methylation Beta Value	TCGA-CESC	TCGA-C5-A1BL	TCGA-C5-A1BL-01A	Primary Tumor
ee50f1fd-0034-4e68-9401-91614e09b4e3	jhu-usc.edu_CESC.HumanMethylation450.15.lvl-3.TCGA-DS-A7WH-01A-22D-A357-05.gdc_hg38.txt	DNA Methylation	Methylation Beta Value	TCGA-CESC	TCGA-DS-A7WH	TCGA-DS-A7WH-01A	Primary Tumor
f80694d2-1d98-4400-a8ab-79b297ac8347	jhu-usc.edu_CESC.HumanMethylation450.5.lvl-3.TCGA-EK-A2RO-01A-11D-A18K-05.gdc_hg38.txt	DNA Methylation	Methylation Beta Value	TCGA-CESC	TCGA-EK-A2RO	TCGA-EK-A2RO-01A	Primary Tumor
3483b8a0-9b17-491c-99e8-83123c757612	jhu-usc.edu_CESC.HumanMethylation450.8.lvl-3.TCGA-JX-A3PZ-01A-11D-A21R-05.gdc_hg38.txt	DNA Methylation	Methylation Beta Value	TCGA-CESC	TCGA-JX-A3PZ	TCGA-JX-A3PZ-01A	Primary Tumor
42d8bc29-916b-427c-abf1-3ae0287ecd6b	jhu-usc.edu_CESC.HumanMethylation450.8.lvl-3.TCGA-HM-A3JJ-01A-21D-A21R-05.gdc_hg38.txt	DNA Methylation	Methylation Beta Value	TCGA-CESC	TCGA-HM-A3JJ	TCGA-HM-A3JJ-01A	Primary Tumor
58ea63da-80db-4dc2-b7c1-e8139e1d7d93	jhu-usc.edu_CESC.HumanMethylation450.11.lvl-3.TCGA-MU-A51Y-01A-11D-A26S-05.gdc_hg38.txt	DNA Methylation	Methylation Beta Value	TCGA-CESC	TCGA-MU-A51Y	TCGA-MU-A51Y-01A	Primary Tumor
13edc017-5cdc-460c-9dde-ab98635def06	jhu-usc.edu_CESC.HumanMethylation450.2.lvl-3.TCGA-DS-A1O9-01A-11D-A14Z-05.gdc_hg38.txt	DNA Methylation	Methylation Beta Value	TCGA-CESC	TCGA-DS-A1O9	TCGA-DS-A1O9-01A	Primary Tumor
af86237b-a183-4115-bfbd-ec2505cb7141	jhu-usc.edu_CESC.HumanMethylation450.4.lvl-3.TCGA-EK-A2GZ-01A-11D-A17Z-05.gdc_hg38.txt	DNA Methylation	Methylation Beta Value	TCGA-CESC	TCGA-EK-A2GZ	TCGA-EK-A2GZ-01A	Primary Tumor
40ea5c7e-b8aa-458c-bd0f-c99e4354b6a3	jhu-usc.edu_CESC.HumanMethylation450.10.lvl-3.TCGA-EA-A410-01A-11D-A244-05.gdc_hg38.txt	DNA Methylation	Methylation Beta Value	TCGA-CESC	TCGA-EA-A410	TCGA-EA-A410-01A	Primary Tumor
0a0bf6ee-2e44-4bc3-8e86-bc9d4ae9573a	jhu-usc.edu_CESC.HumanMethylation450.13.lvl-3.TCGA-Q1-A6DW-01A-11D-A32T-05.gdc_hg38.txt	DNA Methylation	Methylation Beta Value	TCGA-CESC	TCGA-Q1-A6DW	TCGA-Q1-A6DW-01A	Primary Tumor
2842cddf-7d72-4add-9ec6-51212fb5ef1d	jhu-usc.edu_CESC.HumanMethylation450.6.lvl-3.TCGA-C5-A1BQ-01C-11D-A212-05.gdc_hg38.txt	DNA Methylation	Methylation Beta Value	TCGA-CESC	TCGA-C5-A1BQ	TCGA-C5-A1BQ-01C	Primary Tumor
47241866-6219-4a81-b1b2-b9a4be011238	jhu-usc.edu_CESC.HumanMethylation450.8.lvl-3.TCGA-HM-A3JK-01A-11D-A21R-05.gdc_hg38.txt	DNA Methylation	Methylation Beta Value	TCGA-CESC	TCGA-HM-A3JK	TCGA-HM-A3JK-01A	Primary Tumor
e1ae3b41-fc31-4ffb-837b-6c60c3310824	jhu-usc.edu_CESC.HumanMethylation450.4.lvl-3.TCGA-EK-A2H1-01A-11D-A17Z-05.gdc_hg38.txt	DNA Methylation	Methylation Beta Value	TCGA-CESC	TCGA-EK-A2H1	TCGA-EK-A2H1-01A	Primary Tumor
c7f26de5-e8f2-4223-8c88-519406081e9c	jhu-usc.edu_CESC.HumanMethylation450.19.lvl-3.TCGA-ZJ-AAX8-01A-11D-A42P-05.gdc_hg38.txt	DNA Methylation	Methylation Beta Value	TCGA-CESC	TCGA-ZJ-AAX8	TCGA-ZJ-AAX8-01A	Primary Tumor
7a1d64a8-4e57-4053-a406-5f490e3cd942	jhu-usc.edu_CESC.HumanMethylation450.7.lvl-3.TCGA-EA-A1QS-01A-61D-A230-05.gdc_hg38.txt	DNA Methylation	Methylation Beta Value	TCGA-CESC	TCGA-EA-A1QS	TCGA-EA-A1QS-01A	Primary Tumor
9024f402-b771-4417-a126-46bf351b1fc4	jhu-usc.edu_CESC.HumanMethylation450.11.lvl-3.TCGA-MY-A5BD-01A-11D-A26S-05.gdc_hg38.txt	DNA Methylation	Methylation Beta Value	TCGA-CESC	TCGA-MY-A5BD	TCGA-MY-A5BD-01A	Primary Tumor
e2167cff-e00e-4575-9106-afb851eabb84	jhu-usc.edu_CESC.HumanMethylation450.12.lvl-3.TCGA-EA-A5ZE-01A-11D-A28C-05.gdc_hg38.txt	DNA Methylation	Methylation Beta Value	TCGA-CESC	TCGA-EA-A5ZE	TCGA-EA-A5ZE-01A	Primary Tumor
da4542d3-f13b-4c79-b37a-083dfd15a3ea	jhu-usc.edu_CESC.HumanMethylation450.19.lvl-3.TCGA-ZJ-AAX4-01A-11D-A42P-05.gdc_hg38.txt	DNA Methylation	Methylation Beta Value	TCGA-CESC	TCGA-ZJ-AAX4	TCGA-ZJ-AAX4-01A	Primary Tumor
80c2f429-b53e-493b-92a6-095258f9d5c5	jhu-usc.edu_CESC.HumanMethylation450.7.lvl-3.TCGA-IR-A3LF-01A-21D-A230-05.gdc_hg38.txt	DNA Methylation	Methylation Beta Value	TCGA-CESC	TCGA-IR-A3LF	TCGA-IR-A3LF-01A	Primary Tumor
1db6c912-8135-4276-8274-fc60fa75c1c1	jhu-usc.edu_CESC.HumanMethylation450.18.lvl-3.TCGA-MA-AA42-01A-12D-A388-05.gdc_hg38.txt	DNA Methylation	Methylation Beta Value	TCGA-CESC	TCGA-MA-AA42	TCGA-MA-AA42-01A	Primary Tumor
075fcd3f-571f-449f-9790-c78e28a1e63e	jhu-usc.edu_CESC.HumanMethylation450.7.lvl-3.TCGA-FU-A3WB-01A-11D-A230-05.gdc_hg38.txt	DNA Methylation	Methylation Beta Value	TCGA-CESC	TCGA-FU-A3WB	TCGA-FU-A3WB-01A	Primary Tumor
6dc33f20-a779-435d-8b3d-83efb546ef13	jhu-usc.edu_CESC.HumanMethylation450.18.lvl-3.TCGA-C5-A7XC-01A-11D-A388-05.gdc_hg38.txt	DNA Methylation	Methylation Beta Value	TCGA-CESC	TCGA-C5-A7XC	TCGA-C5-A7XC-01A	Primary Tumor
a3eaaef0-b394-4fc8-a5be-7222fcb17eab	jhu-usc.edu_CESC.HumanMethylation450.16.lvl-3.TCGA-XS-A8TJ-01A-11D-A36K-05.gdc_hg38.txt	DNA Methylation	Methylation Beta Value	TCGA-CESC	TCGA-XS-A8TJ	TCGA-XS-A8TJ-01A	Primary Tumor
793c5865-4b48-4daa-b2fd-33bd99391b89	jhu-usc.edu_CESC.HumanMethylation450.12.lvl-3.TCGA-LP-A5U3-01A-11D-A28C-05.gdc_hg38.txt	DNA Methylation	Methylation Beta Value	TCGA-CESC	TCGA-LP-A5U3	TCGA-LP-A5U3-01A	Primary Tumor
d17b2349-e4b0-4ecd-a3b1-fe59ab97782c	jhu-usc.edu_CESC.HumanMethylation450.17.lvl-3.TCGA-C5-A901-01A-11D-A37Q-05.gdc_hg38.txt	DNA Methylation	Methylation Beta Value	TCGA-CESC	TCGA-C5-A901	TCGA-C5-A901-01A	Primary Tumor
98a9158e-94f5-423a-89b2-ecf0c9ca8031	jhu-usc.edu_CESC.HumanMethylation450.17.lvl-3.TCGA-C5-A902-01A-11D-A37Q-05.gdc_hg38.txt	DNA Methylation	Methylation Beta Value	TCGA-CESC	TCGA-C5-A902	TCGA-C5-A902-01A	Primary Tumor
4cab44a9-c588-4b6c-8b8e-d8c37c8d8350	jhu-usc.edu_CESC.HumanMethylation450.17.lvl-3.TCGA-VS-A8QA-01A-11D-A37Q-05.gdc_hg38.txt	DNA Methylation	Methylation Beta Value	TCGA-CESC	TCGA-VS-A8QA	TCGA-VS-A8QA-01A	Primary Tumor
c24fbea3-1dba-4057-a90a-7180992be96c	jhu-usc.edu_CESC.HumanMethylation450.14.lvl-3.TCGA-LP-A7HU-01A-11D-A340-05.gdc_hg38.txt	DNA Methylation	Methylation Beta Value	TCGA-CESC	TCGA-LP-A7HU	TCGA-LP-A7HU-01A	Primary Tumor
981ca377-af4b-4bd0-9022-ea6274749ffc	jhu-usc.edu_CESC.HumanMethylation450.18.lvl-3.TCGA-MA-AA3W-01A-11D-A388-05.gdc_hg38.txt	DNA Methylation	Methylation Beta Value	TCGA-CESC	TCGA-MA-AA3W	TCGA-MA-AA3W-01A	Primary Tumor
a71317fe-09c4-48f8-aba1-c9a649eb6085	jhu-usc.edu_CESC.HumanMethylation450.12.lvl-3.TCGA-LP-A5U2-01A-11D-A28C-05.gdc_hg38.txt	DNA Methylation	Methylation Beta Value	TCGA-CESC	TCGA-LP-A5U2	TCGA-LP-A5U2-01A	Primary Tumor
ca7f18fc-8675-42e2-8869-0cdaeaa016ac	jhu-usc.edu_CESC.HumanMethylation450.12.lvl-3.TCGA-EA-A5FO-01A-21D-A28C-05.gdc_hg38.txt	DNA Methylation	Methylation Beta Value	TCGA-CESC	TCGA-EA-A5FO	TCGA-EA-A5FO-01A	Primary Tumor
2ddc036c-b5ed-4619-ac79-477878967844	jhu-usc.edu_CESC.HumanMethylation450.6.lvl-3.TCGA-C5-A3HF-01A-11D-A212-05.gdc_hg38.txt	DNA Methylation	Methylation Beta Value	TCGA-CESC	TCGA-C5-A3HF	TCGA-C5-A3HF-01A	Primary Tumor
7703015b-e14c-4043-bdd8-66bca501f1ee	jhu-usc.edu_CESC.HumanMethylation450.18.lvl-3.TCGA-VS-A94Y-01A-11D-A388-05.gdc_hg38.txt	DNA Methylation	Methylation Beta Value	TCGA-CESC	TCGA-VS-A94Y	TCGA-VS-A94Y-01A	Primary Tumor
77de3839-ffa6-4afb-9993-faf812ef96d2	jhu-usc.edu_CESC.HumanMethylation450.17.lvl-3.TCGA-EX-A8YF-01A-11D-A37Q-05.gdc_hg38.txt	DNA Methylation	Methylation Beta Value	TCGA-CESC	TCGA-EX-A8YF	TCGA-EX-A8YF-01A	Primary Tumor
9c8abc09-f9f4-400e-8aaf-c2745db6e296	jhu-usc.edu_CESC.HumanMethylation450.7.lvl-3.TCGA-C5-A2LS-01A-22D-A230-05.gdc_hg38.txt	DNA Methylation	Methylation Beta Value	TCGA-CESC	TCGA-C5-A2LS	TCGA-C5-A2LS-01A	Primary Tumor
79524fb2-f6fa-4f5b-b097-250b924291bc	jhu-usc.edu_CESC.HumanMethylation450.14.lvl-3.TCGA-RA-A741-01A-11D-A340-05.gdc_hg38.txt	DNA Methylation	Methylation Beta Value	TCGA-CESC	TCGA-RA-A741	TCGA-RA-A741-01A	Primary Tumor
1c4ab48a-a4c3-4004-8809-34578e65bfda	jhu-usc.edu_CESC.HumanMethylation450.6.lvl-3.TCGA-IR-A3LK-01A-12D-A212-05.gdc_hg38.txt	DNA Methylation	Methylation Beta Value	TCGA-CESC	TCGA-IR-A3LK	TCGA-IR-A3LK-01A	Primary Tumor
cea75a25-6659-4f5f-b8e7-064bf9a60357	jhu-usc.edu_CESC.HumanMethylation450.18.lvl-3.TCGA-VS-A94Z-01A-11D-A388-05.gdc_hg38.txt	DNA Methylation	Methylation Beta Value	TCGA-CESC	TCGA-VS-A94Z	TCGA-VS-A94Z-01A	Primary Tumor
dc7f8a4c-edc7-4e30-adf1-8075251ad30a	jhu-usc.edu_CESC.HumanMethylation450.17.lvl-3.TCGA-C5-A905-01A-11D-A37Q-05.gdc_hg38.txt	DNA Methylation	Methylation Beta Value	TCGA-CESC	TCGA-C5-A905	TCGA-C5-A905-01A	Primary Tumor
c24ae3a1-9361-4d91-8eed-b9abb87ce663	jhu-usc.edu_CESC.HumanMethylation450.7.lvl-3.TCGA-FU-A3TX-01A-11D-A230-05.gdc_hg38.txt	DNA Methylation	Methylation Beta Value	TCGA-CESC	TCGA-FU-A3TX	TCGA-FU-A3TX-01A	Primary Tumor
e5e265f3-0227-4807-8b60-64933d9b1a5b	jhu-usc.edu_CESC.HumanMethylation450.16.lvl-3.TCGA-C5-A7X5-01A-11D-A36K-05.gdc_hg38.txt	DNA Methylation	Methylation Beta Value	TCGA-CESC	TCGA-C5-A7X5	TCGA-C5-A7X5-01A	Primary Tumor
cba73846-0491-4b7f-9d7d-babc9d534750	jhu-usc.edu_CESC.HumanMethylation450.19.lvl-3.TCGA-VS-A958-01A-11D-A42P-05.gdc_hg38.txt	DNA Methylation	Methylation Beta Value	TCGA-CESC	TCGA-VS-A958	TCGA-VS-A958-01A	Primary Tumor
20bb4733-67b3-4f27-a4ae-becb59d529e9	jhu-usc.edu_CESC.HumanMethylation450.2.lvl-3.TCGA-C5-A1MP-01A-11D-A14Z-05.gdc_hg38.txt	DNA Methylation	Methylation Beta Value	TCGA-CESC	TCGA-C5-A1MP	TCGA-C5-A1MP-01A	Primary Tumor
70da2d69-9cda-4f11-99b2-4c4d4d8e1db6	jhu-usc.edu_CESC.HumanMethylation450.19.lvl-3.TCGA-ZX-AA5X-01A-11D-A42P-05.gdc_hg38.txt	DNA Methylation	Methylation Beta Value	TCGA-CESC	TCGA-ZX-AA5X	TCGA-ZX-AA5X-01A	Primary Tumor
29057b98-d822-4792-b60a-f0a84d78d117	jhu-usc.edu_CESC.HumanMethylation450.17.lvl-3.TCGA-C5-A8YR-01A-12D-A37Q-05.gdc_hg38.txt	DNA Methylation	Methylation Beta Value	TCGA-CESC	TCGA-C5-A8YR	TCGA-C5-A8YR-01A	Primary Tumor
e0661fdd-d48f-4e2d-aa4c-631f690e0896	jhu-usc.edu_CESC.HumanMethylation450.12.lvl-3.TCGA-DS-A5RQ-01A-11D-A28C-05.gdc_hg38.txt	DNA Methylation	Methylation Beta Value	TCGA-CESC	TCGA-DS-A5RQ	TCGA-DS-A5RQ-01A	Primary Tumor
76659c37-cb3b-4822-a3bd-fbf2f71c29fb	jhu-usc.edu_CESC.HumanMethylation450.10.lvl-3.TCGA-EX-A449-01A-11D-A244-05.gdc_hg38.txt	DNA Methylation	Methylation Beta Value	TCGA-CESC	TCGA-EX-A449	TCGA-EX-A449-01A	Primary Tumor
922df187-c38a-4975-b4cb-47c5d73c6b4a	jhu-usc.edu_CESC.HumanMethylation450.10.lvl-3.TCGA-EA-A411-01A-11D-A244-05.gdc_hg38.txt	DNA Methylation	Methylation Beta Value	TCGA-CESC	TCGA-EA-A411	TCGA-EA-A411-01A	Primary Tumor
7dc4fae3-a235-433f-834f-961b3a50df8c	jhu-usc.edu_CESC.HumanMethylation450.15.lvl-3.TCGA-WL-A834-01A-11D-A357-05.gdc_hg38.txt	DNA Methylation	Methylation Beta Value	TCGA-CESC	TCGA-WL-A834	TCGA-WL-A834-01A	Primary Tumor
bc00db31-5ae8-4a69-9b37-17b8c397af8f	jhu-usc.edu_CESC.HumanMethylation450.18.lvl-3.TCGA-JW-AAVH-01A-11D-A388-05.gdc_hg38.txt	DNA Methylation	Methylation Beta Value	TCGA-CESC	TCGA-JW-AAVH	TCGA-JW-AAVH-01A	Primary Tumor
94176b7c-37ad-401e-b9d5-afe6692c01a9	jhu-usc.edu_CESC.HumanMethylation450.6.lvl-3.TCGA-EK-A2RN-01A-12D-A212-05.gdc_hg38.txt	DNA Methylation	Methylation Beta Value	TCGA-CESC	TCGA-EK-A2RN	TCGA-EK-A2RN-01A	Primary Tumor
4d8ab9fa-0b0f-4fbf-a9d4-a83204811531	jhu-usc.edu_CESC.HumanMethylation450.11.lvl-3.TCGA-EA-A4BA-01A-21D-A26S-05.gdc_hg38.txt	DNA Methylation	Methylation Beta Value	TCGA-CESC	TCGA-EA-A4BA	TCGA-EA-A4BA-01A	Primary Tumor
047c9c2b-9227-4dc0-9b9a-1700bd2cb922	jhu-usc.edu_CESC.HumanMethylation450.19.lvl-3.TCGA-VS-A9UP-01A-11D-A42P-05.gdc_hg38.txt	DNA Methylation	Methylation Beta Value	TCGA-CESC	TCGA-VS-A9UP	TCGA-VS-A9UP-01A	Primary Tumor
2f76e791-2562-406a-a0e7-53e800e4d6d0	jhu-usc.edu_CESC.HumanMethylation450.17.lvl-3.TCGA-VS-A8QH-01A-11D-A37Q-05.gdc_hg38.txt	DNA Methylation	Methylation Beta Value	TCGA-CESC	TCGA-VS-A8QH	TCGA-VS-A8QH-01A	Primary Tumor
699dd272-9b22-44a4-9158-c2247750963f	jhu-usc.edu_CESC.HumanMethylation450.10.lvl-3.TCGA-LP-A4AW-01A-11D-A244-05.gdc_hg38.txt	DNA Methylation	Methylation Beta Value	TCGA-CESC	TCGA-LP-A4AW	TCGA-LP-A4AW-01A	Primary Tumor
8257a7a4-189f-4b14-a2fa-1270dff22e1c	jhu-usc.edu_CESC.HumanMethylation450.4.lvl-3.TCGA-EK-A2IP-01A-11D-A17Z-05.gdc_hg38.txt	DNA Methylation	Methylation Beta Value	TCGA-CESC	TCGA-EK-A2IP	TCGA-EK-A2IP-01A	Primary Tumor
2bc68a0d-d844-45e4-9daf-9a79293ff57b	jhu-usc.edu_CESC.HumanMethylation450.19.lvl-3.TCGA-MA-AA3X-01A-22D-A42P-05.gdc_hg38.txt	DNA Methylation	Methylation Beta Value	TCGA-CESC	TCGA-MA-AA3X	TCGA-MA-AA3X-01A	Primary Tumor
c423fe3d-6ee6-4737-9689-cde1ab202b1c	jhu-usc.edu_CESC.HumanMethylation450.1.lvl-3.TCGA-C5-A1M5-01A-11D-A13Z-05.gdc_hg38.txt	DNA Methylation	Methylation Beta Value	TCGA-CESC	TCGA-C5-A1M5	TCGA-C5-A1M5-01A	Primary Tumor
4d4256e1-4ca6-4ac3-bd93-1952b51e7cec	jhu-usc.edu_CESC.HumanMethylation450.15.lvl-3.TCGA-DS-A7WI-01A-12D-A357-05.gdc_hg38.txt	DNA Methylation	Methylation Beta Value	TCGA-CESC	TCGA-DS-A7WI	TCGA-DS-A7WI-01A	Primary Tumor
b851bb35-0f85-49cc-8ac9-e9328b175240	jhu-usc.edu_CESC.HumanMethylation450.6.lvl-3.TCGA-FU-A3EO-11A-13D-A212-05.gdc_hg38.txt	DNA Methylation	Methylation Beta Value	TCGA-CESC	TCGA-FU-A3EO	TCGA-FU-A3EO-11A	Solid Tissue Normal
33a5638a-6c76-4ca2-8a39-d87c3c9a22be	jhu-usc.edu_CESC.HumanMethylation450.2.lvl-3.TCGA-BI-A20A-01A-11D-A14Z-05.gdc_hg38.txt	DNA Methylation	Methylation Beta Value	TCGA-CESC	TCGA-BI-A20A	TCGA-BI-A20A-01A	Primary Tumor
8dfc3816-5f65-46c7-a474-b9807b6b5f82	jhu-usc.edu_CESC.HumanMethylation450.12.lvl-3.TCGA-Q1-A5R2-01A-11D-A28C-05.gdc_hg38.txt	DNA Methylation	Methylation Beta Value	TCGA-CESC	TCGA-Q1-A5R2	TCGA-Q1-A5R2-01A	Primary Tumor
15ce375f-1080-4c53-accb-01fb41f97be9	jhu-usc.edu_CESC.HumanMethylation450.12.lvl-3.TCGA-JW-A5VL-01A-11D-A28C-05.gdc_hg38.txt	DNA Methylation	Methylation Beta Value	TCGA-CESC	TCGA-JW-A5VL	TCGA-JW-A5VL-01A	Primary Tumor
7fc12df0-e937-413c-aa42-598c49db2004	jhu-usc.edu_CESC.HumanMethylation450.7.lvl-3.TCGA-DG-A2KH-01A-21D-A230-05.gdc_hg38.txt	DNA Methylation	Methylation Beta Value	TCGA-CESC	TCGA-DG-A2KH	TCGA-DG-A2KH-01A	Primary Tumor
